<?xml version="1.0" encoding="UTF-8"?><pedido><data>02-10-2018</data><loja>203208658</loja><cliente><nome>Felipe Nascimento Cunha</nome><tipoPessoa>F</tipoPessoa><cpf_cnpj>46203225800</cpf_cnpj><endereco>Rua Carlos Gomes</endereco><numero>287</numero><complemento>Ap 36 B</complemento><bairro>Parque São Vicente</bairro><cep>11.365-230</cep><cidade>São Vicente</cidade><uf>SP</uf><celular>13992034399</celular></cliente><transporte><transportadora>EXPRESSO VIP-X</transportadora><tipo_frete>R</tipo_frete><servico_correios>EXPRESSO VIP-X</servico_correios></transporte><itens><item><codigo>52083094</codigo><descricao>Tracta Sombra Sesto 11</descricao><qtde>2</qtde><vlr_unit>14.99</vlr_unit></item></itens><parcelas><parcela><dias>14</dias><vlr>39.98</vlr><obs>PagSeguro</obs></parcela></parcelas><vlr_frete>10.00</vlr_frete></pedido><?xml version="1.0" encoding="UTF-8"?><pedido><data>02-10-2018</data><loja>203208658</loja><cliente><nome>Felipe Nascimento Cunha</nome><tipoPessoa>F</tipoPessoa><cpf_cnpj>46203225800</cpf_cnpj><endereco>Rua Carlos Gomes</endereco><numero>287</numero><complemento>Ap 36 B</complemento><bairro>Parque São Vicente</bairro><cep>11.365-230</cep><cidade>São Vicente</cidade><uf>SP</uf><celular>13992034399</celular></cliente><transporte><transportadora>SEDEX</transportadora><tipo_frete>R</tipo_frete><servico_correios>SEDEX</servico_correios></transporte><itens><item><codigo>GKRL</codigo><descricao>Koloss Glitter Raio Laser</descricao><qtde>1</qtde><vlr_unit>19.99</vlr_unit></item></itens><parcelas><parcela><dias>14</dias><vlr>38.79</vlr><obs>PagSeguro</obs></parcela></parcelas><vlr_frete>18.80</vlr_frete></pedido><?xml version="1.0" encoding="UTF-8"?><pedido><data>01-10-2018</data><loja>203208658</loja><cliente><nome>Maike Uandersom</nome><tipoPessoa>F</tipoPessoa><cpf_cnpj>27140474087</cpf_cnpj><endereco>Rua Antônio Lopes dos Santos</endereco><numero>1111</numero><complemento></complemento><bairro>Conjunto Afonso Schmidt</bairro><cep>11.500-730</cep><cidade>Cubatão</cidade><uf>SP</uf><celular>16515161561</celular></cliente><transporte><transportadora>PAC</transportadora><tipo_frete>R</tipo_frete><servico_correios>PAC</servico_correios></transporte><itens><item><codigo>22093D1</codigo><descricao>Catharine Hill Metalic Collection Jeans</descricao><qtde>1</qtde><vlr_unit>39.99</vlr_unit></item></itens><parcelas><parcela><dias>14</dias><vlr>126.11</vlr><obs>PagSeguro</obs></parcela></parcelas><vlr_frete>22.20</vlr_frete></pedido><?xml version="1.0" encoding="UTF-8"?><pedido><data>01-10-2018</data><loja>203208658</loja><cliente><nome>Maike Uandersom</nome><tipoPessoa>F</tipoPessoa><cpf_cnpj>27140474087</cpf_cnpj><endereco>Rua Antônio Lopes dos Santos</endereco><numero>1111</numero><complemento></complemento><bairro>Conjunto Afonso Schmidt</bairro><cep>11.500-730</cep><cidade>Cubatão</cidade><uf>SP</uf><celular>16515161561</celular></cliente><transporte><transportadora>EXPRESSO VIP-X</transportadora><tipo_frete>R</tipo_frete><servico_correios>EXPRESSO VIP-X</servico_correios></transporte><itens><item><codigo>22093D1</codigo><descricao>Catharine Hill Metalic Collection Jeans</descricao><qtde>2</qtde><vlr_unit>39.99</vlr_unit></item></itens><parcelas><parcela><dias>14</dias><vlr>265.95</vlr><obs>PagSeguro</obs></parcela></parcelas><vlr_frete>15.00</vlr_frete></pedido><?xml version="1.0" encoding="UTF-8"?><pedido><data>01-10-2018</data><loja>203208658</loja><cliente><nome>Maike Uandersom</nome><tipoPessoa>F</tipoPessoa><cpf_cnpj>27140474087</cpf_cnpj><endereco>Rua Antônio Lopes dos Santos</endereco><numero>1111</numero><complemento></complemento><bairro>Conjunto Afonso Schmidt</bairro><cep>11.500-730</cep><cidade>Cubatão</cidade><uf>SP</uf><celular>16515161561</celular></cliente><transporte><transportadora>EXPRESSO VIP-X</transportadora><tipo_frete>R</tipo_frete><servico_correios>EXPRESSO VIP-X</servico_correios></transporte><itens><item><codigo>22093D1</codigo><descricao>Catharine Hill Metalic Collection Jeans</descricao><qtde>1</qtde><vlr_unit>39.99</vlr_unit></item></itens><parcelas><parcela><dias>14</dias><vlr>111.98</vlr><obs>PagSeguro</obs></parcela></parcelas><vlr_frete>15.00</vlr_frete></pedido><?xml version="1.0" encoding="UTF-8"?><pedido><data>01-10-2018</data><loja>203208658</loja><cliente><nome>Maike Uandersom</nome><tipoPessoa>F</tipoPessoa><cpf_cnpj>27140474087</cpf_cnpj><endereco>Rua Antônio Lopes dos Santos</endereco><numero>1111</numero><complemento></complemento><bairro>Conjunto Afonso Schmidt</bairro><cep>11.500-730</cep><cidade>Cubatão</cidade><uf>SP</uf><celular>16515161561</celular></cliente><transporte><transportadora>EXPRESSO VIP-X</transportadora><tipo_frete>R</tipo_frete><servico_correios>EXPRESSO VIP-X</servico_correios></transporte><itens><item><codigo>10133AZUL</codigo><descricao>Catharine Hill Mascara Cilios AZUL</descricao><qtde>2</qtde><vlr_unit>56.99</vlr_unit></item></itens><parcelas><parcela><dias>14</dias><vlr>128.98</vlr><obs>PagSeguro</obs></parcela></parcelas><vlr_frete>15.00</vlr_frete></pedido><?xml version="1.0" encoding="UTF-8"?><pedido><data>01-10-2018</data><loja>203208658</loja><cliente><nome>Maike Uandersom</nome><tipoPessoa>F</tipoPessoa><cpf_cnpj>27140474087</cpf_cnpj><endereco>Rua Antônio Lopes dos Santos</endereco><numero>1111</numero><complemento></complemento><bairro>Conjunto Afonso Schmidt</bairro><cep>11.500-730</cep><cidade>Cubatão</cidade><uf>SP</uf><celular>16515161561</celular></cliente><transporte><transportadora>EXPRESSO VIP-X</transportadora><tipo_frete>R</tipo_frete><servico_correios>EXPRESSO VIP-X</servico_correios></transporte><itens><item><codigo>BELLECOR01p</codigo><descricao>Belle Angel Sombra Matte Cor 01 P</descricao><qtde>2</qtde><vlr_unit>7.99</vlr_unit></item></itens><parcelas><parcela><dias>14</dias><vlr>30.98</vlr><obs>PagSeguro</obs></parcela></parcelas><vlr_frete>15.00</vlr_frete></pedido><?xml version="1.0" encoding="UTF-8"?><pedido><data>27-09-2018</data><loja>203208658</loja><cliente><nome>Felipe Cunha</nome><tipoPessoa>F</tipoPessoa><cpf_cnpj>78000712008</cpf_cnpj><endereco>Rua Carlos Gomes</endereco><numero>555</numero><complemento></complemento><bairro>Parque São Vicente</bairro><cep>11.365-230</cep><cidade>São Vicente</cidade><uf>SP</uf><celular>15615616516</celular></cliente><transporte><transportadora>SEDEX</transportadora><tipo_frete>R</tipo_frete><servico_correios>SEDEX</servico_correios></transporte><itens><item><codigo>22093D1</codigo><descricao>Catharine Hill Metalic Collection Jeans</descricao><qtde>1</qtde><vlr_unit>39.99</vlr_unit></item></itens><parcelas><parcela><dias>14</dias><vlr>58.79</vlr><obs>PagSeguro</obs></parcela></parcelas><vlr_frete>18.80</vlr_frete></pedido>