<?xml version="1.0" encoding="ISO-8859-1" standalone="yes"?><transactionSearchResult><date>2018-10-08T11:50:31.000-03:00</date><transactions><transaction><date>2018-10-05T10:06:29.000-03:00</date><reference>AAC67-5bb761d38bfeb8.72098696</reference><code>28068D1B-CFFC-49AF-B356-65FAAA4BF635</code><type>1</type><status>1</status><paymentMethod><type>2</type></paymentMethod><grossAmount>43.79</grossAmount><discountAmount>0.00</discountAmount><feeAmount>2.59</feeAmount><netAmount>41.20</netAmount><extraAmount>0.00</extraAmount><lastEventDate>2018-10-05T10:06:34.000-03:00</lastEventDate></transaction><transaction><date>2018-10-02T19:40:45.000-03:00</date><reference>AAC67-5bb3f3ebacbb07.80193822</reference><code>BE092C7D-D726-4938-832B-5AC4DC87CDB6</code><type>1</type><status>1</status><paymentMethod><type>2</type></paymentMethod><grossAmount>39.98</grossAmount><discountAmount>0.00</discountAmount><feeAmount>2.40</feeAmount><netAmount>37.58</netAmount><extraAmount>0.00</extraAmount><lastEventDate>2018-10-02T19:40:47.000-03:00</lastEventDate></transaction><transaction><date>2018-10-02T13:39:45.000-03:00</date><reference>AAC67-5bb39f507a67d7.43605930</reference><code>0FDAEBAA-9A7F-42F4-822A-218282CC9F8A</code><type>1</type><status>1</status><paymentMethod><type>2</type></paymentMethod><grossAmount>86.67</grossAmount><discountAmount>0.00</discountAmount><feeAmount>4.72</feeAmount><netAmount>81.95</netAmount><extraAmount>0.00</extraAmount><lastEventDate>2018-10-02T13:39:47.000-03:00</lastEventDate></transaction><transaction><date>2018-10-02T13:37:35.000-03:00</date><reference>AAC67-5bb39ece0d3d17.58641086</reference><code>723A1C6A-790E-4DF3-B9DA-B5CE97B00DAD</code><type>1</type><status>1</status><paymentMethod><type>2</type></paymentMethod><grossAmount>79.68</grossAmount><discountAmount>0.00</discountAmount><feeAmount>4.38</feeAmount><netAmount>75.30</netAmount><extraAmount>0.00</extraAmount><lastEventDate>2018-10-02T13:37:37.000-03:00</lastEventDate></transaction><transaction><date>2018-10-02T12:50:08.000-03:00</date><reference>AAC67-5bb393af4d5bc8.87073274</reference><code>4EE00906-5762-417F-A478-2DBD02754063</code><type>1</type><status>1</status><paymentMethod><type>2</type></paymentMethod><grossAmount>43.79</grossAmount><discountAmount>0.00</discountAmount><feeAmount>2.59</feeAmount><netAmount>41.20</netAmount><extraAmount>0.00</extraAmount><lastEventDate>2018-10-02T12:50:12.000-03:00</lastEventDate></transaction><transaction><date>2018-10-02T12:49:27.000-03:00</date><reference>AAC67-5bb39385db1e39.83051718</reference><code>6EFC468B-DCAA-4796-811D-8262F10C60C7</code><type>1</type><status>1</status><paymentMethod><type>2</type></paymentMethod><grossAmount>43.79</grossAmount><discountAmount>0.00</discountAmount><feeAmount>2.59</feeAmount><netAmount>41.20</netAmount><extraAmount>0.00</extraAmount><lastEventDate>2018-10-02T12:49:31.000-03:00</lastEventDate></transaction><transaction><date>2018-10-02T12:42:18.000-03:00</date><reference>AAC67-5bb391d67b4189.45216621</reference><code>C7DF71B6-DB1F-46F7-B8A5-17E8111AFB35</code><type>1</type><status>1</status><paymentMethod><type>2</type></paymentMethod><grossAmount>43.79</grossAmount><discountAmount>0.00</discountAmount><feeAmount>2.59</feeAmount><netAmount>41.20</netAmount><extraAmount>0.00</extraAmount><lastEventDate>2018-10-02T12:42:22.000-03:00</lastEventDate></transaction><transaction><date>2018-10-02T12:34:50.000-03:00</date><reference>AAC67-5bb39019579045.96046509</reference><code>007B3532-CAB6-4A0B-AFBF-95AA37DFF2E6</code><type>1</type><status>1</status><paymentMethod><type>2</type></paymentMethod><grossAmount>43.79</grossAmount><discountAmount>0.00</discountAmount><feeAmount>2.59</feeAmount><netAmount>41.20</netAmount><extraAmount>0.00</extraAmount><lastEventDate>2018-10-02T12:34:57.000-03:00</lastEventDate></transaction><transaction><date>2018-10-02T12:33:59.000-03:00</date><reference>AAC67-5bb38fe65a6d43.64448583</reference><code>211BFBA5-7D7C-4C94-BFBE-F02126A8CE0D</code><type>1</type><status>1</status><paymentMethod><type>2</type></paymentMethod><grossAmount>43.79</grossAmount><discountAmount>0.00</discountAmount><feeAmount>2.59</feeAmount><netAmount>41.20</netAmount><extraAmount>0.00</extraAmount><lastEventDate>2018-10-02T12:34:05.000-03:00</lastEventDate></transaction><transaction><date>2018-10-02T12:31:31.000-03:00</date><reference>AAC67-5bb38f51abdf88.83551448</reference><code>305E7A73-6E30-4C53-9A64-0AE2763BFBBB</code><type>1</type><status>1</status><paymentMethod><type>2</type></paymentMethod><grossAmount>43.79</grossAmount><discountAmount>0.00</discountAmount><feeAmount>2.59</feeAmount><netAmount>41.20</netAmount><extraAmount>0.00</extraAmount><lastEventDate>2018-10-02T12:31:33.000-03:00</lastEventDate></transaction><transaction><date>2018-10-02T12:26:17.000-03:00</date><reference>AAC67-5bb38e17b74757.43218128</reference><code>5B85D843-84AB-4DEE-92DC-81B783DD13C3</code><type>1</type><status>1</status><paymentMethod><type>2</type></paymentMethod><grossAmount>43.79</grossAmount><discountAmount>0.00</discountAmount><feeAmount>2.59</feeAmount><netAmount>41.20</netAmount><extraAmount>0.00</extraAmount><lastEventDate>2018-10-02T12:26:20.000-03:00</lastEventDate></transaction><transaction><date>2018-10-02T12:22:54.000-03:00</date><reference>AAC67-5bb38d4d402481.25151519</reference><code>DC09011A-0610-4D5D-97EA-3124DF1B0BDC</code><type>1</type><status>1</status><paymentMethod><type>2</type></paymentMethod><grossAmount>43.79</grossAmount><discountAmount>0.00</discountAmount><feeAmount>2.59</feeAmount><netAmount>41.20</netAmount><extraAmount>0.00</extraAmount><lastEventDate>2018-10-02T12:22:59.000-03:00</lastEventDate></transaction><transaction><date>2018-10-02T12:16:20.000-03:00</date><reference>AAC67-5bb38bc36aad40.99515206</reference><code>4A177CC2-A5F8-4DC9-8113-95517CFE8C12</code><type>1</type><status>1</status><paymentMethod><type>2</type></paymentMethod><grossAmount>23.99</grossAmount><discountAmount>0.00</discountAmount><feeAmount>1.60</feeAmount><netAmount>22.39</netAmount><extraAmount>0.00</extraAmount><lastEventDate>2018-10-02T12:16:25.000-03:00</lastEventDate></transaction><transaction><date>2018-10-02T12:16:02.000-03:00</date><reference>AAC67-5bb38bb0f2dac5.32583150</reference><code>CA6B2B83-882B-466F-A20C-18757F4F4190</code><type>1</type><status>1</status><paymentMethod><type>2</type></paymentMethod><grossAmount>43.79</grossAmount><discountAmount>0.00</discountAmount><feeAmount>2.59</feeAmount><netAmount>41.20</netAmount><extraAmount>0.00</extraAmount><lastEventDate>2018-10-02T12:16:07.000-03:00</lastEventDate></transaction><transaction><date>2018-10-02T12:15:40.000-03:00</date><reference>AAC67-5bb38b9c27ea76.06716932</reference><code>16DC5D51-6F6F-4E84-8A2E-DBF0E7DFB636</code><type>1</type><status>1</status><paymentMethod><type>2</type></paymentMethod><grossAmount>38.79</grossAmount><discountAmount>0.00</discountAmount><feeAmount>2.34</feeAmount><netAmount>36.45</netAmount><extraAmount>0.00</extraAmount><lastEventDate>2018-10-02T12:15:48.000-03:00</lastEventDate></transaction><transaction><date>2018-10-02T12:12:30.000-03:00</date><reference>AAC67-5bb38addaddc80.00891194</reference><code>464346EB-51ED-44DA-9969-386D7940B347</code><type>1</type><status>1</status><paymentMethod><type>2</type></paymentMethod><grossAmount>43.79</grossAmount><discountAmount>0.00</discountAmount><feeAmount>2.59</feeAmount><netAmount>41.20</netAmount><extraAmount>0.00</extraAmount><lastEventDate>2018-10-02T12:12:34.000-03:00</lastEventDate></transaction><transaction><date>2018-10-02T12:07:34.000-03:00</date><reference>AAC67-5bb389b545ff00.43086343</reference><code>968F84EA-2FA1-468C-8A54-F12F4ED35BB4</code><type>1</type><status>1</status><paymentMethod><type>2</type></paymentMethod><grossAmount>23.99</grossAmount><discountAmount>0.00</discountAmount><feeAmount>1.60</feeAmount><netAmount>22.39</netAmount><extraAmount>0.00</extraAmount><lastEventDate>2018-10-02T12:07:36.000-03:00</lastEventDate></transaction><transaction><date>2018-10-01T17:11:16.000-03:00</date><reference>AAC67-5bb27f652b69c4.94386900</reference><code>08AFECB9-0419-4E49-B107-EE1ED2DB1F53</code><type>1</type><status>1</status><paymentMethod><type>2</type></paymentMethod><grossAmount>126.11</grossAmount><discountAmount>0.00</discountAmount><feeAmount>6.69</feeAmount><netAmount>119.42</netAmount><extraAmount>0.00</extraAmount><lastEventDate>2018-10-01T17:11:20.000-03:00</lastEventDate></transaction><transaction><date>2018-10-01T17:08:54.000-03:00</date><reference>AAC67-5bb27ed641ab42.80586295</reference><code>E2519331-69A5-4180-9574-B44F1E4C1843</code><type>1</type><status>1</status><paymentMethod><type>2</type></paymentMethod><grossAmount>265.95</grossAmount><discountAmount>0.00</discountAmount><feeAmount>13.67</feeAmount><netAmount>252.28</netAmount><extraAmount>0.00</extraAmount><lastEventDate>2018-10-01T17:08:58.000-03:00</lastEventDate></transaction><transaction><date>2018-10-01T17:06:19.000-03:00</date><reference>AAC67-5bb27e3b1d4d73.29881719</reference><code>3DC24336-7B1F-4A2A-8031-D4AA10CE470D</code><type>1</type><status>1</status><paymentMethod><type>2</type></paymentMethod><grossAmount>111.98</grossAmount><discountAmount>0.00</discountAmount><feeAmount>5.99</feeAmount><netAmount>105.99</netAmount><extraAmount>0.00</extraAmount><lastEventDate>2018-10-01T17:06:20.000-03:00</lastEventDate></transaction><transaction><date>2018-10-01T16:31:41.000-03:00</date><reference>AAC67-5bb2761e19dca1.66754098</reference><code>80E56568-3279-49DA-B6EC-DA5C237071AD</code><type>1</type><status>1</status><paymentMethod><type>2</type></paymentMethod><grossAmount>128.98</grossAmount><discountAmount>0.00</discountAmount><feeAmount>6.84</feeAmount><netAmount>122.14</netAmount><extraAmount>0.00</extraAmount><lastEventDate>2018-10-01T16:31:44.000-03:00</lastEventDate></transaction><transaction><date>2018-10-01T14:51:28.000-03:00</date><reference>AAC67-5bb25ea0918417.76420479</reference><code>A483C7CD-0E09-4A90-B4C7-689F13251CDF</code><type>1</type><status>1</status><paymentMethod><type>2</type></paymentMethod><grossAmount>30.98</grossAmount><discountAmount>0.00</discountAmount><feeAmount>1.95</feeAmount><netAmount>29.03</netAmount><extraAmount>0.00</extraAmount><lastEventDate>2018-10-01T14:51:31.000-03:00</lastEventDate></transaction><transaction><date>2018-09-27T16:57:11.000-03:00</date><reference>MWRC404-5bad36161b4fa2.54882338</reference><code>B8F78373-BFE0-48F3-8F8F-563921EF0EEB</code><type>1</type><status>1</status><paymentMethod><type>2</type></paymentMethod><grossAmount>91.70</grossAmount><discountAmount>0.00</discountAmount><feeAmount>4.98</feeAmount><netAmount>86.72</netAmount><extraAmount>0.00</extraAmount><lastEventDate>2018-09-27T16:57:12.000-03:00</lastEventDate></transaction><transaction><date>2018-09-27T16:54:27.000-03:00</date><reference>MWRC404-5bad35721cfe97.34836875</reference><code>7721C7FB-9E5A-4943-8B0C-74F5F0806940</code><type>1</type><status>1</status><paymentMethod><type>2</type></paymentMethod><grossAmount>72.79</grossAmount><discountAmount>0.00</discountAmount><feeAmount>4.03</feeAmount><netAmount>68.76</netAmount><extraAmount>0.00</extraAmount><lastEventDate>2018-09-27T16:54:29.000-03:00</lastEventDate></transaction><transaction><date>2018-09-27T16:45:38.000-03:00</date><reference>MWRC404-5bad3361331125.06180540</reference><code>A1A90B03-29F0-4390-8037-5FB777DBA910</code><type>1</type><status>7</status><cancellationSource>INTERNAL</cancellationSource><paymentMethod><type>1</type></paymentMethod><grossAmount>189.20</grossAmount><discountAmount>0.00</discountAmount><feeAmount>20.62</feeAmount><netAmount>168.58</netAmount><extraAmount>0.00</extraAmount><lastEventDate>2018-09-27T16:45:40.000-03:00</lastEventDate></transaction><transaction><date>2018-09-27T16:44:51.000-03:00</date><reference>AAC67-5bad33317fbec9.87296105</reference><code>FEDDC724-DAF5-45D3-A92E-0103628590A7</code><type>1</type><status>7</status><cancellationSource>EXTERNAL</cancellationSource><paymentMethod><type>1</type></paymentMethod><grossAmount>89.98</grossAmount><discountAmount>0.00</discountAmount><feeAmount>4.89</feeAmount><netAmount>85.09</netAmount><extraAmount>0.00</extraAmount><lastEventDate>2018-09-27T16:45:04.000-03:00</lastEventDate></transaction><transaction><date>2018-09-27T16:43:57.000-03:00</date><reference>AAC67-5bad32fba64cc1.03839392</reference><code>E0179BFC-3BB0-4BDE-8176-842501EA4655</code><type>1</type><status>7</status><cancellationSource>EXTERNAL</cancellationSource><paymentMethod><type>1</type></paymentMethod><grossAmount>89.98</grossAmount><discountAmount>0.00</discountAmount><feeAmount>4.89</feeAmount><netAmount>85.09</netAmount><extraAmount>0.00</extraAmount><lastEventDate>2018-09-27T16:44:11.000-03:00</lastEventDate></transaction><transaction><date>2018-09-27T16:42:07.000-03:00</date><reference>AAC67-5bad328ce5b1e5.77175680</reference><code>39EDA601-1111-4319-8ED0-6F936FC1CE35</code><type>1</type><status>1</status><paymentMethod><type>2</type></paymentMethod><grossAmount>58.79</grossAmount><discountAmount>0.00</discountAmount><feeAmount>3.33</feeAmount><netAmount>55.46</netAmount><extraAmount>0.00</extraAmount><lastEventDate>2018-09-27T16:42:10.000-03:00</lastEventDate></transaction><transaction><date>2018-09-27T16:34:38.000-03:00</date><reference>MWRC404-5bad30cd16ec81.43574895</reference><code>E6D290DF-9AD6-46FB-81E6-E917B7FBA5FD</code><type>1</type><status>7</status><cancellationSource>EXTERNAL</cancellationSource><paymentMethod><type>1</type></paymentMethod><grossAmount>68.70</grossAmount><discountAmount>0.00</discountAmount><feeAmount>7.75</feeAmount><netAmount>60.95</netAmount><extraAmount>0.00</extraAmount><lastEventDate>2018-09-27T16:34:46.000-03:00</lastEventDate></transaction><transaction><date>2018-09-27T16:13:48.000-03:00</date><reference>MWRC404-5bad2bead8c603.64793424</reference><code>624CA9E8-D0E6-4685-9FD6-93BEC8DE8C70</code><type>1</type><status>1</status><paymentMethod><type>2</type></paymentMethod><grossAmount>176.00</grossAmount><discountAmount>0.00</discountAmount><feeAmount>9.18</feeAmount><netAmount>166.82</netAmount><extraAmount>0.00</extraAmount><lastEventDate>2018-09-27T16:13:50.000-03:00</lastEventDate></transaction><transaction><date>2018-09-27T15:03:30.000-03:00</date><reference>MWRC404-5bad1b712fd034.35674867</reference><code>7360F3EB-3FF2-4DAC-A577-BFA55EEFE7FD</code><type>1</type><status>1</status><paymentMethod><type>2</type></paymentMethod><grossAmount>47.80</grossAmount><discountAmount>0.00</discountAmount><feeAmount>2.79</feeAmount><netAmount>45.01</netAmount><extraAmount>0.00</extraAmount><lastEventDate>2018-09-27T15:03:31.000-03:00</lastEventDate></transaction><transaction><date>2018-09-27T15:02:08.000-03:00</date><reference>MWRC404-5bad1b1ec44945.95424397</reference><code>889F8D88-5F50-40D6-BE67-155BCC273EAD</code><type>1</type><status>1</status><paymentMethod><type>2</type></paymentMethod><grossAmount>91.70</grossAmount><discountAmount>0.00</discountAmount><feeAmount>4.98</feeAmount><netAmount>86.72</netAmount><extraAmount>0.00</extraAmount><lastEventDate>2018-09-27T15:02:09.000-03:00</lastEventDate></transaction><transaction><date>2018-09-27T14:57:09.000-03:00</date><reference>MWRC404-5bad19f40fbdb7.12386372</reference><code>E3B5F4ED-18D5-4F88-A682-BE061DA0B56E</code><type>1</type><status>1</status><paymentMethod><type>2</type></paymentMethod><grossAmount>91.70</grossAmount><discountAmount>0.00</discountAmount><feeAmount>4.98</feeAmount><netAmount>86.72</netAmount><extraAmount>0.00</extraAmount><lastEventDate>2018-09-27T14:57:12.000-03:00</lastEventDate></transaction><transaction><date>2018-09-27T14:54:48.000-03:00</date><reference>MWRC404-5bad1966dd7446.90871665</reference><code>341B398A-F488-4BE8-BA89-68959C43BE61</code><type>1</type><status>1</status><paymentMethod><type>2</type></paymentMethod><grossAmount>91.70</grossAmount><discountAmount>0.00</discountAmount><feeAmount>4.98</feeAmount><netAmount>86.72</netAmount><extraAmount>0.00</extraAmount><lastEventDate>2018-09-27T14:54:49.000-03:00</lastEventDate></transaction><transaction><date>2018-09-27T14:54:22.000-03:00</date><reference>MWRC404-5bad194c916612.10906369</reference><code>4CDF317E-CA18-444E-8760-5F555E0C1204</code><type>1</type><status>1</status><paymentMethod><type>2</type></paymentMethod><grossAmount>91.70</grossAmount><discountAmount>0.00</discountAmount><feeAmount>4.98</feeAmount><netAmount>86.72</netAmount><extraAmount>0.00</extraAmount><lastEventDate>2018-09-27T14:54:27.000-03:00</lastEventDate></transaction><transaction><date>2018-09-27T14:53:41.000-03:00</date><reference>MWRC404-5bad1924b6eff1.35242639</reference><code>90AB8F7E-B3DF-4923-9997-D96EB19B91E0</code><type>1</type><status>1</status><paymentMethod><type>2</type></paymentMethod><grossAmount>91.70</grossAmount><discountAmount>0.00</discountAmount><feeAmount>4.98</feeAmount><netAmount>86.72</netAmount><extraAmount>0.00</extraAmount><lastEventDate>2018-09-27T14:53:46.000-03:00</lastEventDate></transaction><transaction><date>2018-09-27T14:23:29.000-03:00</date><reference>MWRC404-5bad1210c02ee6.54805887</reference><code>3D42E2FB-2B44-48C5-A3F1-2AE8E7813F2B</code><type>1</type><status>1</status><paymentMethod><type>2</type></paymentMethod><grossAmount>91.70</grossAmount><discountAmount>0.00</discountAmount><feeAmount>4.98</feeAmount><netAmount>86.72</netAmount><extraAmount>0.00</extraAmount><lastEventDate>2018-09-27T14:23:31.000-03:00</lastEventDate></transaction><transaction><date>2018-09-27T14:22:55.000-03:00</date><reference>MWRC404-5bad11ee3b2f88.42283553</reference><code>D0125208-D0D9-4DA8-92BA-3A25987BA4B3</code><type>1</type><status>1</status><paymentMethod><type>2</type></paymentMethod><grossAmount>91.70</grossAmount><discountAmount>0.00</discountAmount><feeAmount>4.98</feeAmount><netAmount>86.72</netAmount><extraAmount>0.00</extraAmount><lastEventDate>2018-09-27T14:23:04.000-03:00</lastEventDate></transaction><transaction><date>2018-09-27T14:21:26.000-03:00</date><reference>MWRC404-5bad1195671038.00695314</reference><code>59E7E2A8-8CF6-4408-9499-72047A6B0AA6</code><type>1</type><status>1</status><paymentMethod><type>2</type></paymentMethod><grossAmount>72.79</grossAmount><discountAmount>0.00</discountAmount><feeAmount>4.03</feeAmount><netAmount>68.76</netAmount><extraAmount>0.00</extraAmount><lastEventDate>2018-09-27T14:21:31.000-03:00</lastEventDate></transaction><transaction><date>2018-09-27T14:21:03.000-03:00</date><reference>MWRC404-5bad117da9df88.60507861</reference><code>60FEC1A7-B2D0-4972-AE4A-8C05939FD954</code><type>1</type><status>1</status><paymentMethod><type>2</type></paymentMethod><grossAmount>72.79</grossAmount><discountAmount>0.00</discountAmount><feeAmount>4.03</feeAmount><netAmount>68.76</netAmount><extraAmount>0.00</extraAmount><lastEventDate>2018-09-27T14:21:07.000-03:00</lastEventDate></transaction><transaction><date>2018-09-27T14:17:37.000-03:00</date><reference>MWRC404-5bad10af7cc4b4.48975352</reference><code>3166818B-ACC8-4E7E-9CA7-007EF1F195C3</code><type>1</type><status>1</status><paymentMethod><type>2</type></paymentMethod><grossAmount>72.79</grossAmount><discountAmount>0.00</discountAmount><feeAmount>4.03</feeAmount><netAmount>68.76</netAmount><extraAmount>0.00</extraAmount><lastEventDate>2018-09-27T14:17:41.000-03:00</lastEventDate></transaction><transaction><date>2018-09-27T14:15:48.000-03:00</date><reference>MWRC404-5bad104366ba56.28998362</reference><code>53261CF7-E701-42E9-8EC0-5A5A0AF76307</code><type>1</type><status>1</status><paymentMethod><type>2</type></paymentMethod><grossAmount>72.79</grossAmount><discountAmount>0.00</discountAmount><feeAmount>4.03</feeAmount><netAmount>68.76</netAmount><extraAmount>0.00</extraAmount><lastEventDate>2018-09-27T14:15:51.000-03:00</lastEventDate></transaction><transaction><date>2018-09-27T14:15:22.000-03:00</date><reference>MWRC404-5bad1028d19910.36067236</reference><code>3237DB53-0EFD-46B3-AFA2-B8034F77B88C</code><type>1</type><status>1</status><paymentMethod><type>2</type></paymentMethod><grossAmount>72.79</grossAmount><discountAmount>0.00</discountAmount><feeAmount>4.03</feeAmount><netAmount>68.76</netAmount><extraAmount>0.00</extraAmount><lastEventDate>2018-09-27T14:15:25.000-03:00</lastEventDate></transaction><transaction><date>2018-09-27T14:13:17.000-03:00</date><reference>MWRC404-5bad0fac1ab170.98392374</reference><code>F852667E-9BD2-4E3E-B367-E2EECD2BC23C</code><type>1</type><status>1</status><paymentMethod><type>2</type></paymentMethod><grossAmount>91.70</grossAmount><discountAmount>0.00</discountAmount><feeAmount>4.98</feeAmount><netAmount>86.72</netAmount><extraAmount>0.00</extraAmount><lastEventDate>2018-09-27T14:13:20.000-03:00</lastEventDate></transaction><transaction><date>2018-09-27T12:27:22.000-03:00</date><reference>AAC67-5bacf6db28abb6.76127905</reference><code>D9702655-0767-4DE6-AE06-632F7641E95F</code><type>1</type><status>1</status><paymentMethod><type>2</type></paymentMethod><grossAmount>50.96</grossAmount><discountAmount>0.00</discountAmount><feeAmount>2.94</feeAmount><netAmount>48.02</netAmount><extraAmount>0.00</extraAmount><lastEventDate>2018-09-27T12:27:25.000-03:00</lastEventDate></transaction><transaction><date>2018-09-27T11:14:57.000-03:00</date><reference>AAC67-5bace5df70f6f5.79340361</reference><code>0216EA18-0296-4203-9B00-DF17ECB5962B</code><type>1</type><status>1</status><paymentMethod><type>2</type></paymentMethod><grossAmount>99.97</grossAmount><discountAmount>0.00</discountAmount><feeAmount>5.39</feeAmount><netAmount>94.58</netAmount><extraAmount>0.00</extraAmount><lastEventDate>2018-09-27T11:14:59.000-03:00</lastEventDate></transaction><transaction><date>2018-09-27T09:59:06.000-03:00</date><reference>AAC67-5bacd419451c68.14876690</reference><code>A9FC6032-9491-4BF4-B810-36D17EDA3823</code><type>1</type><status>1</status><paymentMethod><type>2</type></paymentMethod><grossAmount>171.96</grossAmount><discountAmount>0.00</discountAmount><feeAmount>8.98</feeAmount><netAmount>162.98</netAmount><extraAmount>0.00</extraAmount><lastEventDate>2018-09-27T09:59:09.000-03:00</lastEventDate></transaction><transaction><date>2018-09-27T09:49:37.000-03:00</date><reference>AAC67-5bacd1df5f16a7.88207035</reference><code>BC2617F1-3ADD-48A0-AB55-68603CA31126</code><type>1</type><status>1</status><paymentMethod><type>2</type></paymentMethod><grossAmount>98.78</grossAmount><discountAmount>0.00</discountAmount><feeAmount>5.33</feeAmount><netAmount>93.45</netAmount><extraAmount>0.00</extraAmount><lastEventDate>2018-09-27T09:49:39.000-03:00</lastEventDate></transaction><transaction><date>2018-09-27T09:44:01.000-03:00</date><reference>AAC67-5bacd08ed763a3.21449898</reference><code>C75B105F-DADC-43BC-9975-E05E1E9936A7</code><type>1</type><status>1</status><paymentMethod><type>2</type></paymentMethod><grossAmount>58.79</grossAmount><discountAmount>0.00</discountAmount><feeAmount>3.33</feeAmount><netAmount>55.46</netAmount><extraAmount>0.00</extraAmount><lastEventDate>2018-09-27T09:44:05.000-03:00</lastEventDate></transaction><transaction><date>2018-09-26T17:15:11.000-03:00</date><reference>AAC67-5babe8cdbe98a7.56810089</reference><code>1DE37B00-710D-4A01-8044-A4E42DE1B17C</code><type>1</type><status>1</status><paymentMethod><type>2</type></paymentMethod><grossAmount>123.98</grossAmount><discountAmount>0.00</discountAmount><feeAmount>6.59</feeAmount><netAmount>117.39</netAmount><extraAmount>0.00</extraAmount><lastEventDate>2018-09-26T17:15:15.000-03:00</lastEventDate></transaction><transaction><date>2018-09-26T17:13:47.000-03:00</date><reference>AAC67-5babe87a3050d6.39267870</reference><code>5CFED5BF-F52A-403F-82DB-2E807D24B40B</code><type>1</type><status>1</status><paymentMethod><type>2</type></paymentMethod><grossAmount>100.08</grossAmount><discountAmount>0.00</discountAmount><feeAmount>5.39</feeAmount><netAmount>94.69</netAmount><extraAmount>0.00</extraAmount><lastEventDate>2018-09-26T17:13:52.000-03:00</lastEventDate></transaction><transaction><date>2018-09-26T16:55:53.000-03:00</date><reference>AAC67-5babe4483f0c17.54014075</reference><code>D69BFC4D-6EEE-4534-B5EA-7651AB53E6F2</code><type>1</type><status>1</status><paymentMethod><type>2</type></paymentMethod><grossAmount>58.79</grossAmount><discountAmount>0.00</discountAmount><feeAmount>3.33</feeAmount><netAmount>55.46</netAmount><extraAmount>0.00</extraAmount><lastEventDate>2018-09-26T16:55:55.000-03:00</lastEventDate></transaction><transaction><date>2018-09-26T16:07:09.000-03:00</date><reference>AAC67-5babd8dc4d88b6.83904641</reference><code>CDFACD76-8302-4332-888A-9EDB90856628</code><type>1</type><status>1</status><paymentMethod><type>2</type></paymentMethod><grossAmount>356.94</grossAmount><discountAmount>0.00</discountAmount><feeAmount>18.21</feeAmount><netAmount>338.73</netAmount><extraAmount>0.00</extraAmount><lastEventDate>2018-09-26T16:07:12.000-03:00</lastEventDate></transaction><transaction><date>2018-09-26T16:06:00.000-03:00</date><reference>AAC67-5babd896d3d161.62841362</reference><code>5AB42BD6-4B0A-48FD-9DDA-3C8BE55BB27F</code><type>1</type><status>1</status><paymentMethod><type>2</type></paymentMethod><grossAmount>356.94</grossAmount><discountAmount>0.00</discountAmount><feeAmount>18.21</feeAmount><netAmount>338.73</netAmount><extraAmount>0.00</extraAmount><lastEventDate>2018-09-26T16:06:02.000-03:00</lastEventDate></transaction><transaction><date>2018-09-26T14:18:55.000-03:00</date><reference>AAC67-5babbf7ed76489.53692831</reference><code>8AC5AFEB-6101-40E4-B06C-25811357911C</code><type>1</type><status>1</status><paymentMethod><type>2</type></paymentMethod><grossAmount>356.94</grossAmount><discountAmount>0.00</discountAmount><feeAmount>18.21</feeAmount><netAmount>338.73</netAmount><extraAmount>0.00</extraAmount><lastEventDate>2018-09-26T14:18:57.000-03:00</lastEventDate></transaction><transaction><date>2018-09-26T14:16:04.000-03:00</date><reference>AAC67-5babbed33553e4.98508834</reference><code>5BD79E07-4DF5-4B33-9994-38DB67EA87D3</code><type>1</type><status>1</status><paymentMethod><type>2</type></paymentMethod><grossAmount>356.94</grossAmount><discountAmount>0.00</discountAmount><feeAmount>18.21</feeAmount><netAmount>338.73</netAmount><extraAmount>0.00</extraAmount><lastEventDate>2018-09-26T14:16:07.000-03:00</lastEventDate></transaction><transaction><date>2018-09-26T14:15:01.000-03:00</date><reference>AAC67-5babbe94537496.60233488</reference><code>313449B2-3CE6-4280-91F9-19A6B6198A69</code><type>1</type><status>1</status><paymentMethod><type>2</type></paymentMethod><grossAmount>49.99</grossAmount><discountAmount>0.00</discountAmount><feeAmount>2.89</feeAmount><netAmount>47.10</netAmount><extraAmount>0.00</extraAmount><lastEventDate>2018-09-26T14:15:04.000-03:00</lastEventDate></transaction><transaction><date>2018-09-24T15:26:19.000-03:00</date><reference>AAC67-5ba92c4b078c69.85235370</reference><code>608415C8-E3B5-4539-A10F-552D8DFDFBC9</code><type>1</type><status>7</status><cancellationSource>INTERNAL</cancellationSource><paymentMethod><type>2</type></paymentMethod><grossAmount>71.97</grossAmount><discountAmount>0.00</discountAmount><feeAmount>3.99</feeAmount><netAmount>67.98</netAmount><extraAmount>0.00</extraAmount><lastEventDate>2018-10-07T09:25:52.000-03:00</lastEventDate></transaction><transaction><date>2018-09-24T15:24:25.000-03:00</date><reference>AAC67-5ba92bd8685635.26309633</reference><code>64DDAEBC-9D43-4CAC-ADE3-73BC2D9FD210</code><type>1</type><status>7</status><cancellationSource>INTERNAL</cancellationSource><paymentMethod><type>2</type></paymentMethod><grossAmount>121.66</grossAmount><discountAmount>0.00</discountAmount><feeAmount>6.47</feeAmount><netAmount>115.19</netAmount><extraAmount>0.00</extraAmount><lastEventDate>2018-10-07T09:25:06.000-03:00</lastEventDate></transaction><transaction><date>2018-09-24T15:19:18.000-03:00</date><reference>AAC67-5ba92aa60c2af2.60230170</reference><code>E7BC8AA9-6B32-4C88-883E-33E33C0A0A92</code><type>1</type><status>7</status><cancellationSource>INTERNAL</cancellationSource><paymentMethod><type>2</type></paymentMethod><grossAmount>55.08</grossAmount><discountAmount>0.00</discountAmount><feeAmount>3.15</feeAmount><netAmount>51.93</netAmount><extraAmount>0.00</extraAmount><lastEventDate>2018-10-07T09:23:38.000-03:00</lastEventDate></transaction><transaction><date>2018-09-24T15:17:38.000-03:00</date><reference>AAC67-5ba92a42407c49.24572299</reference><code>C88732BD-E137-414B-980A-C4E590249533</code><type>1</type><status>7</status><cancellationSource>INTERNAL</cancellationSource><paymentMethod><type>2</type></paymentMethod><grossAmount>83.98</grossAmount><discountAmount>0.00</discountAmount><feeAmount>4.59</feeAmount><netAmount>79.39</netAmount><extraAmount>0.00</extraAmount><lastEventDate>2018-10-07T09:23:16.000-03:00</lastEventDate></transaction><transaction><date>2018-09-21T14:16:44.000-03:00</date><reference>AAC67-5ba5277ae93395.06548502</reference><code>76F0B8F2-39C5-4409-8C01-980C9B7CB59F</code><type>1</type><status>7</status><cancellationSource>INTERNAL</cancellationSource><paymentMethod><type>2</type></paymentMethod><grossAmount>29.79</grossAmount><discountAmount>0.00</discountAmount><feeAmount>1.89</feeAmount><netAmount>27.90</netAmount><extraAmount>0.00</extraAmount><lastEventDate>2018-10-06T10:58:30.000-03:00</lastEventDate></transaction><transaction><date>2018-09-21T13:43:46.000-03:00</date><reference>AAC67-5ba51fc160f430.58702371</reference><code>56D362E6-CBF0-4CD5-B005-D70FA50DBC95</code><type>1</type><status>7</status><cancellationSource>INTERNAL</cancellationSource><paymentMethod><type>2</type></paymentMethod><grossAmount>42.99</grossAmount><discountAmount>0.00</discountAmount><feeAmount>2.55</feeAmount><netAmount>40.44</netAmount><extraAmount>0.00</extraAmount><lastEventDate>2018-10-06T10:38:36.000-03:00</lastEventDate></transaction><transaction><date>2018-09-21T11:54:47.000-03:00</date><reference>AAC67-5ba50635d93278.27260592</reference><code>53E3514F-4A4B-4E0E-A78A-5CF8F89E3592</code><type>1</type><status>7</status><cancellationSource>EXTERNAL</cancellationSource><paymentMethod><type>1</type></paymentMethod><grossAmount>39.99</grossAmount><discountAmount>0.00</discountAmount><feeAmount>3.85</feeAmount><netAmount>36.14</netAmount><extraAmount>0.00</extraAmount><lastEventDate>2018-09-21T11:54:56.000-03:00</lastEventDate></transaction><transaction><date>2018-09-21T11:45:28.000-03:00</date><reference>AAC67-5ba5040696cb32.32783377</reference><code>010F0275-09E3-404F-AC5D-2C6D9DE16020</code><type>1</type><status>7</status><cancellationSource>INTERNAL</cancellationSource><paymentMethod><type>2</type></paymentMethod><grossAmount>88.78</grossAmount><discountAmount>0.00</discountAmount><feeAmount>4.83</feeAmount><netAmount>83.95</netAmount><extraAmount>0.00</extraAmount><lastEventDate>2018-10-06T09:41:09.000-03:00</lastEventDate></transaction><transaction><date>2018-09-20T17:47:07.000-03:00</date><reference>AAC67-5ba4074a3810d5.12326595</reference><code>FA7C2CAF-2A63-4105-9299-59A4EEF9B65D</code><type>1</type><status>7</status><cancellationSource>INTERNAL</cancellationSource><paymentMethod><type>2</type></paymentMethod><grossAmount>44.99</grossAmount><discountAmount>0.00</discountAmount><feeAmount>2.65</feeAmount><netAmount>42.34</netAmount><extraAmount>0.00</extraAmount><lastEventDate>2018-10-05T10:51:01.000-03:00</lastEventDate></transaction><transaction><date>2018-09-20T16:03:26.000-03:00</date><reference>AAC67-5ba3eefdadd7a6.86197955</reference><code>3E5F8108-9122-4F16-A77B-F310D371369A</code><type>1</type><status>7</status><cancellationSource>INTERNAL</cancellationSource><paymentMethod><type>2</type></paymentMethod><grossAmount>120.07</grossAmount><discountAmount>0.00</discountAmount><feeAmount>6.39</feeAmount><netAmount>113.68</netAmount><extraAmount>0.00</extraAmount><lastEventDate>2018-10-05T10:05:00.000-03:00</lastEventDate></transaction><transaction><date>2018-09-20T15:41:04.000-03:00</date><reference>AAC67-5ba3e9bf3fc9a0.91300605</reference><code>8879E051-867C-4F98-ADDD-B0760FC131B7</code><type>1</type><status>7</status><cancellationSource>INTERNAL</cancellationSource><paymentMethod><type>2</type></paymentMethod><grossAmount>21.99</grossAmount><discountAmount>0.00</discountAmount><feeAmount>1.50</feeAmount><netAmount>20.49</netAmount><extraAmount>0.00</extraAmount><lastEventDate>2018-10-05T09:55:48.000-03:00</lastEventDate></transaction><transaction><date>2018-09-19T14:08:12.000-03:00</date><reference>AAC67-5ba2827acde791.03906753</reference><code>212A8E3B-0303-4720-88AE-0F2E60EC0127</code><type>1</type><status>7</status><cancellationSource>INTERNAL</cancellationSource><paymentMethod><type>2</type></paymentMethod><grossAmount>39.98</grossAmount><discountAmount>0.00</discountAmount><feeAmount>2.40</feeAmount><netAmount>37.58</netAmount><extraAmount>0.00</extraAmount><lastEventDate>2018-10-04T09:20:21.000-03:00</lastEventDate></transaction><transaction><date>2018-09-19T13:54:17.000-03:00</date><reference>AAC67-5ba27f37b4ccb3.47012604</reference><code>714B463D-0FB0-424C-9064-41760A8AECD6</code><type>1</type><status>7</status><cancellationSource>INTERNAL</cancellationSource><paymentMethod><type>2</type></paymentMethod><grossAmount>21.99</grossAmount><discountAmount>0.00</discountAmount><feeAmount>1.50</feeAmount><netAmount>20.49</netAmount><extraAmount>0.00</extraAmount><lastEventDate>2018-10-04T09:16:19.000-03:00</lastEventDate></transaction><transaction><date>2018-09-19T13:53:57.000-03:00</date><reference>AAC67-5ba27f245d5f02.99986589</reference><code>A9FF5A78-D5BD-41FC-8A94-AE75E761BE77</code><type>1</type><status>7</status><cancellationSource>INTERNAL</cancellationSource><paymentMethod><type>2</type></paymentMethod><grossAmount>21.99</grossAmount><discountAmount>0.00</discountAmount><feeAmount>1.50</feeAmount><netAmount>20.49</netAmount><extraAmount>0.00</extraAmount><lastEventDate>2018-10-04T09:16:10.000-03:00</lastEventDate></transaction><transaction><date>2018-09-19T13:50:39.000-03:00</date><reference>AAC67-5ba27e5e9e7b21.57258720</reference><code>F2A2AEF1-09D7-4C78-AECF-18951CDDCE11</code><type>1</type><status>7</status><cancellationSource>INTERNAL</cancellationSource><paymentMethod><type>2</type></paymentMethod><grossAmount>21.99</grossAmount><discountAmount>0.00</discountAmount><feeAmount>1.50</feeAmount><netAmount>20.49</netAmount><extraAmount>0.00</extraAmount><lastEventDate>2018-10-04T09:15:22.000-03:00</lastEventDate></transaction><transaction><date>2018-09-19T13:49:57.000-03:00</date><reference>AAC67-5ba27e3449e7c7.85156848</reference><code>2E6D7FAF-3668-4D06-AA26-608CE7951C66</code><type>1</type><status>7</status><cancellationSource>INTERNAL</cancellationSource><paymentMethod><type>2</type></paymentMethod><grossAmount>21.99</grossAmount><discountAmount>0.00</discountAmount><feeAmount>1.50</feeAmount><netAmount>20.49</netAmount><extraAmount>0.00</extraAmount><lastEventDate>2018-10-04T09:15:12.000-03:00</lastEventDate></transaction><transaction><date>2018-09-19T13:48:58.000-03:00</date><reference>AAC67-5ba27df9f09250.18205881</reference><code>B9422AF1-D2D5-4678-8BB0-B1879C058B9B</code><type>1</type><status>7</status><cancellationSource>INTERNAL</cancellationSource><paymentMethod><type>2</type></paymentMethod><grossAmount>21.99</grossAmount><discountAmount>0.00</discountAmount><feeAmount>1.50</feeAmount><netAmount>20.49</netAmount><extraAmount>0.00</extraAmount><lastEventDate>2018-10-04T09:14:53.000-03:00</lastEventDate></transaction><transaction><date>2018-09-19T13:48:38.000-03:00</date><reference>AAC67-5ba27de545a0d3.14020823</reference><code>2FBD742B-AD57-487A-B4C8-8C1ADD2EBE84</code><type>1</type><status>7</status><cancellationSource>INTERNAL</cancellationSource><paymentMethod><type>2</type></paymentMethod><grossAmount>21.99</grossAmount><discountAmount>0.00</discountAmount><feeAmount>1.50</feeAmount><netAmount>20.49</netAmount><extraAmount>0.00</extraAmount><lastEventDate>2018-10-04T09:14:49.000-03:00</lastEventDate></transaction><transaction><date>2018-09-19T13:23:46.000-03:00</date><reference>AAC67-5ba27811442893.67746436</reference><code>12B801C8-808E-4B54-9C08-CC6B42CCA7F5</code><type>1</type><status>7</status><cancellationSource>INTERNAL</cancellationSource><paymentMethod><type>2</type></paymentMethod><grossAmount>21.99</grossAmount><discountAmount>0.00</discountAmount><feeAmount>1.50</feeAmount><netAmount>20.49</netAmount><extraAmount>0.00</extraAmount><lastEventDate>2018-10-04T09:06:50.000-03:00</lastEventDate></transaction><transaction><date>2018-09-17T13:00:56.000-03:00</date><reference>AAC67-5b9fcfb7146d06.17629821</reference><code>A08C8160-5D48-43B8-809D-3619DDBB78BB</code><type>1</type><status>7</status><cancellationSource>INTERNAL</cancellationSource><paymentMethod><type>2</type></paymentMethod><grossAmount>103.96</grossAmount><discountAmount>0.00</discountAmount><feeAmount>5.59</feeAmount><netAmount>98.37</netAmount><extraAmount>0.00</extraAmount><lastEventDate>2018-09-30T11:48:33.000-03:00</lastEventDate></transaction><transaction><date>2018-09-17T12:50:28.000-03:00</date><reference>AAC67-5b9fcd46057fb0.86002851</reference><code>D7A69596-3F77-451D-8E3B-8CBEFE5F33EB</code><type>1</type><status>7</status><cancellationSource>INTERNAL</cancellationSource><paymentMethod><type>2</type></paymentMethod><grossAmount>33.70</grossAmount><discountAmount>0.00</discountAmount><feeAmount>2.08</feeAmount><netAmount>31.62</netAmount><extraAmount>0.00</extraAmount><lastEventDate>2018-09-30T11:43:22.000-03:00</lastEventDate></transaction><transaction><date>2018-09-17T12:49:49.000-03:00</date><reference>AAC67-5b9fcd1f1a7981.59775932</reference><code>CC6304F9-EF7D-48D4-9DC1-7C07625A3EF2</code><type>1</type><status>7</status><cancellationSource>INTERNAL</cancellationSource><paymentMethod><type>2</type></paymentMethod><grossAmount>31.99</grossAmount><discountAmount>0.00</discountAmount><feeAmount>2.00</feeAmount><netAmount>29.99</netAmount><extraAmount>0.00</extraAmount><lastEventDate>2018-09-30T11:43:08.000-03:00</lastEventDate></transaction><transaction><date>2018-09-17T12:48:45.000-03:00</date><reference>AAC67-5b9fccdf052901.25805684</reference><code>9E9546BA-6DB2-47B1-A4AF-C2557E45CB98</code><type>1</type><status>7</status><cancellationSource>INTERNAL</cancellationSource><paymentMethod><type>2</type></paymentMethod><grossAmount>46.89</grossAmount><discountAmount>0.00</discountAmount><feeAmount>2.74</feeAmount><netAmount>44.15</netAmount><extraAmount>0.00</extraAmount><lastEventDate>2018-09-30T11:42:36.000-03:00</lastEventDate></transaction><transaction><date>2018-09-17T12:44:56.000-03:00</date><reference>AAC67-5b9fcbf9772f28.52706050</reference><code>6D247A26-1440-4B44-8B4D-75FE71327EF6</code><type>1</type><status>7</status><cancellationSource>INTERNAL</cancellationSource><paymentMethod><type>2</type></paymentMethod><grossAmount>54.89</grossAmount><discountAmount>0.00</discountAmount><feeAmount>3.14</feeAmount><netAmount>51.75</netAmount><extraAmount>0.00</extraAmount><lastEventDate>2018-09-30T11:40:35.000-03:00</lastEventDate></transaction><transaction><date>2018-09-17T12:43:42.000-03:00</date><reference>AAC67-5b9fcbaf8ac525.34143650</reference><code>BB11C3B9-4169-4EDB-AD21-AAC16B8A84E7</code><type>1</type><status>7</status><cancellationSource>INTERNAL</cancellationSource><paymentMethod><type>2</type></paymentMethod><grossAmount>126.98</grossAmount><discountAmount>0.00</discountAmount><feeAmount>6.74</feeAmount><netAmount>120.24</netAmount><extraAmount>0.00</extraAmount><lastEventDate>2018-09-30T11:39:35.000-03:00</lastEventDate></transaction><transaction><date>2018-09-17T12:37:50.000-03:00</date><reference>AAC67-5b9fca50213679.45294746</reference><code>3045D50B-5923-4F16-B4AB-8F6915AFBA5B</code><type>1</type><status>7</status><cancellationSource>INTERNAL</cancellationSource><paymentMethod><type>2</type></paymentMethod><grossAmount>44.98</grossAmount><discountAmount>0.00</discountAmount><feeAmount>2.64</feeAmount><netAmount>42.34</netAmount><extraAmount>0.00</extraAmount><lastEventDate>2018-09-30T11:36:55.000-03:00</lastEventDate></transaction><transaction><date>2018-09-17T12:29:28.000-03:00</date><reference>AAC67-5b9fc859c59608.53132375</reference><code>DA0C1DFD-2B4D-4F06-88CF-BD4C7D05C0E9</code><type>1</type><status>7</status><cancellationSource>INTERNAL</cancellationSource><paymentMethod><type>2</type></paymentMethod><grossAmount>85.95</grossAmount><discountAmount>0.00</discountAmount><feeAmount>4.69</feeAmount><netAmount>81.26</netAmount><extraAmount>0.00</extraAmount><lastEventDate>2018-09-30T11:32:48.000-03:00</lastEventDate></transaction><transaction><date>2018-09-17T11:12:17.000-03:00</date><reference>AAC67-5b9fb6410bfa41.34835419</reference><code>B3DE9098-3AAF-4902-878D-F02E703D2E68</code><type>1</type><status>7</status><cancellationSource>INTERNAL</cancellationSource><paymentMethod><type>2</type></paymentMethod><grossAmount>65.98</grossAmount><discountAmount>0.00</discountAmount><feeAmount>3.69</feeAmount><netAmount>62.29</netAmount><extraAmount>0.00</extraAmount><lastEventDate>2018-09-30T10:59:50.000-03:00</lastEventDate></transaction><transaction><date>2018-09-17T11:10:04.000-03:00</date><reference>AAC67-5b9fb5bbaee920.78426387</reference><code>E0873E00-B416-404E-AD5C-3F131A8E00FB</code><type>1</type><status>7</status><cancellationSource>INTERNAL</cancellationSource><paymentMethod><type>2</type></paymentMethod><grossAmount>74.78</grossAmount><discountAmount>0.00</discountAmount><feeAmount>4.13</feeAmount><netAmount>70.65</netAmount><extraAmount>0.00</extraAmount><lastEventDate>2018-09-30T10:59:05.000-03:00</lastEventDate></transaction><transaction><date>2018-09-17T10:59:21.000-03:00</date><reference>AAC67-5b9fb33825c002.67652919</reference><code>4125075B-DD02-410B-B809-2A3D38C65E14</code><type>1</type><status>7</status><cancellationSource>INTERNAL</cancellationSource><paymentMethod><type>1</type></paymentMethod><grossAmount>76.08</grossAmount><discountAmount>0.00</discountAmount><feeAmount>4.20</feeAmount><netAmount>71.88</netAmount><extraAmount>0.00</extraAmount><lastEventDate>2018-09-17T10:59:25.000-03:00</lastEventDate></transaction><transaction><date>2018-09-17T10:59:06.000-03:00</date><reference>AAC67-5b9fb329886c65.92943470</reference><code>3C9B0589-3501-41A0-B6ED-65D76BEF2E31</code><type>1</type><status>7</status><cancellationSource>EXTERNAL</cancellationSource><paymentMethod><type>1</type></paymentMethod><grossAmount>76.08</grossAmount><discountAmount>0.00</discountAmount><feeAmount>4.20</feeAmount><netAmount>71.88</netAmount><extraAmount>0.00</extraAmount><lastEventDate>2018-09-17T10:59:15.000-03:00</lastEventDate></transaction><transaction><date>2018-09-17T10:57:35.000-03:00</date><reference>AAC67-5b9fb2cdd8afa8.37563582</reference><code>0200AE34-B9EC-4527-92EC-82C74C2F9AB4</code><type>1</type><status>7</status><cancellationSource>EXTERNAL</cancellationSource><paymentMethod><type>1</type></paymentMethod><grossAmount>76.08</grossAmount><discountAmount>0.00</discountAmount><feeAmount>4.20</feeAmount><netAmount>71.88</netAmount><extraAmount>0.00</extraAmount><lastEventDate>2018-09-17T10:57:41.000-03:00</lastEventDate></transaction><transaction><date>2018-09-17T10:56:32.000-03:00</date><reference>AAC67-5b9fb28f20f2d3.68699039</reference><code>E12B603B-C3C7-4635-8738-D47E2FF223B1</code><type>1</type><status>7</status><cancellationSource>EXTERNAL</cancellationSource><paymentMethod><type>1</type></paymentMethod><grossAmount>76.08</grossAmount><discountAmount>0.00</discountAmount><feeAmount>7.15</feeAmount><netAmount>68.93</netAmount><extraAmount>0.00</extraAmount><lastEventDate>2018-09-17T10:56:42.000-03:00</lastEventDate></transaction><transaction><date>2018-09-17T10:53:45.000-03:00</date><reference>AAC67-5b9fb1e871a100.78587606</reference><code>6605E741-BA58-4A1D-8CFD-010B28D3A2D0</code><type>1</type><status>7</status><cancellationSource>INTERNAL</cancellationSource><paymentMethod><type>2</type></paymentMethod><grossAmount>46.79</grossAmount><discountAmount>0.00</discountAmount><feeAmount>2.73</feeAmount><netAmount>44.06</netAmount><extraAmount>0.00</extraAmount><lastEventDate>2018-09-30T10:51:59.000-03:00</lastEventDate></transaction><transaction><date>2018-09-17T10:52:31.000-03:00</date><reference>AAC67-5b9fb19e213ed0.58488396</reference><code>A89BFC6C-E6FB-475A-BB6F-C17C9051244F</code><type>1</type><status>7</status><cancellationSource>INTERNAL</cancellationSource><paymentMethod><type>2</type></paymentMethod><grossAmount>46.79</grossAmount><discountAmount>0.00</discountAmount><feeAmount>2.73</feeAmount><netAmount>44.06</netAmount><extraAmount>0.00</extraAmount><lastEventDate>2018-09-30T10:51:25.000-03:00</lastEventDate></transaction><transaction><date>2018-09-17T10:52:06.000-03:00</date><reference>AAC67-5b9fb184ba3617.33877625</reference><code>E1507EC1-F5C9-4155-A7FA-FD5DD2B1F6B4</code><type>1</type><status>7</status><cancellationSource>EXTERNAL</cancellationSource><paymentMethod><type>1</type></paymentMethod><grossAmount>46.79</grossAmount><discountAmount>0.00</discountAmount><feeAmount>5.40</feeAmount><netAmount>41.39</netAmount><extraAmount>0.00</extraAmount><lastEventDate>2018-09-17T10:52:14.000-03:00</lastEventDate></transaction><transaction><date>2018-09-17T10:50:31.000-03:00</date><reference>AAC67-5b9fb125c3a0a2.41169457</reference><code>47101002-74B7-4E01-899C-9FD54B7B91F2</code><type>1</type><status>7</status><cancellationSource>EXTERNAL</cancellationSource><paymentMethod><type>1</type></paymentMethod><grossAmount>46.79</grossAmount><discountAmount>0.00</discountAmount><feeAmount>5.40</feeAmount><netAmount>41.39</netAmount><extraAmount>0.00</extraAmount><lastEventDate>2018-09-17T10:50:38.000-03:00</lastEventDate></transaction><transaction><date>2018-09-17T10:48:34.000-03:00</date><reference>AAC67-5b9fb0b0906e28.15952797</reference><code>F86C8E20-C32A-4357-A95B-8298A3035D63</code><type>1</type><status>7</status><cancellationSource>EXTERNAL</cancellationSource><paymentMethod><type>1</type></paymentMethod><grossAmount>46.79</grossAmount><discountAmount>0.00</discountAmount><feeAmount>5.40</feeAmount><netAmount>41.39</netAmount><extraAmount>0.00</extraAmount><lastEventDate>2018-09-17T10:48:44.000-03:00</lastEventDate></transaction><transaction><date>2018-09-17T10:25:18.000-03:00</date><reference>AAC67-5b9fab3ddc0d62.36662079</reference><code>975CC34E-42B2-457D-8E1F-C6D35188CCAC</code><type>1</type><status>7</status><cancellationSource>INTERNAL</cancellationSource><paymentMethod><type>2</type></paymentMethod><grossAmount>42.99</grossAmount><discountAmount>0.00</discountAmount><feeAmount>2.55</feeAmount><netAmount>40.44</netAmount><extraAmount>0.00</extraAmount><lastEventDate>2018-09-30T10:40:01.000-03:00</lastEventDate></transaction><transaction><date>2018-09-17T10:07:04.000-03:00</date><reference>AAC67-5b9fa6f7857535.09157803</reference><code>C15B03CA-FFE0-4A6C-8E8C-0702F7C5B884</code><type>1</type><status>7</status><cancellationSource>INTERNAL</cancellationSource><paymentMethod><type>2</type></paymentMethod><grossAmount>21.99</grossAmount><discountAmount>0.00</discountAmount><feeAmount>1.50</feeAmount><netAmount>20.49</netAmount><extraAmount>0.00</extraAmount><lastEventDate>2018-09-30T10:36:48.000-03:00</lastEventDate></transaction><transaction><date>2018-09-17T10:06:56.000-03:00</date><reference>AAC67-5b9fa6eec164f5.55865626</reference><code>2D11D412-B82E-48BE-8BE1-486F4ACBB7A0</code><type>1</type><status>7</status><cancellationSource>INTERNAL</cancellationSource><paymentMethod><type>2</type></paymentMethod><grossAmount>21.99</grossAmount><discountAmount>0.00</discountAmount><feeAmount>1.50</feeAmount><netAmount>20.49</netAmount><extraAmount>0.00</extraAmount><lastEventDate>2018-09-30T10:36:46.000-03:00</lastEventDate></transaction><transaction><date>2018-09-14T17:16:17.000-03:00</date><reference>AAC67-5b9c170c56a437.38455855</reference><code>1CE9DC1A-BEB8-465B-AE99-073EBA3E73C6</code><type>1</type><status>7</status><cancellationSource>INTERNAL</cancellationSource><paymentMethod><type>2</type></paymentMethod><grossAmount>33.79</grossAmount><discountAmount>0.00</discountAmount><feeAmount>2.09</feeAmount><netAmount>31.70</netAmount><extraAmount>0.00</extraAmount><lastEventDate>2018-09-29T09:59:19.000-03:00</lastEventDate></transaction><transaction><date>2018-09-14T17:09:09.000-03:00</date><reference>AAC67-5b9c155f8330c4.73092772</reference><code>188048CE-B6C8-4CDF-8292-315F4698A159</code><type>1</type><status>7</status><cancellationSource>INTERNAL</cancellationSource><paymentMethod><type>2</type></paymentMethod><grossAmount>29.99</grossAmount><discountAmount>0.00</discountAmount><feeAmount>1.90</feeAmount><netAmount>28.09</netAmount><extraAmount>0.00</extraAmount><lastEventDate>2018-09-29T09:57:19.000-03:00</lastEventDate></transaction></transactions><resultsInThisPage>100</resultsInThisPage><currentPage>1</currentPage><totalPages>2</totalPages></transactionSearchResult>