<?xml version="1.0" encoding="utf-8"?><rss xmlns:g="http://base.google.com/ns/1.0" version="2.0"><channel><title>Maktub Beauty</title><link>https://www.maktubbeauty.com.br</link><description>Teste</description><item>
                <g:id>HBF60</g:id>
                <g:title>Ruby Rose Pincel Foundation</g:title>
                <g:description>O Pincel F60 Foundation Ruby Rose apresenta cerdas densas, finas e levemente cônicas.

Produzido com exclusivas fibras Ruby Rose, o Pincel F60 Foundation Ruby Rose é ideal para aplicar base líquida ou em creme e primer.

As exclusivas fibras do Pincel F60 Foundation Ruby Rose são sintéticas, evitando o desperdício de maquiagem e hipoalergênicas oferecendo maior cuidado com sua pele.</g:description>
                <g:link>https://www.maktubbeauty.com.br/page/product/ruby-rose-pincel-foundation</g:link>
                <g:image_link>http://maktubbeauty.com.br/img/products/maquiagem/hidratante/HBF60_1.png</g:image_link>
                <g:condition>new</g:condition>
                <g:price>R$14.99</g:price><g:availability>in stock</g:availability><g:shipping>
                            <g:country>BR</g:country>
                            <g:service>Standard</g:service>
                        </g:shipping>
                        <g:gtin>6295125016218</g:gtin>
                        <g:brand></g:brand>
                        <g:google_product_category>Maquiagem > Hidratante</g:google_product_category>
                    </item><item>
                <g:id>7896032635357</g:id>
                <g:title>Pausa para Feminices - Base Cremosa 02</g:title>
                <g:description>A base do pausa para feminices possui alta cobertura com acabamento matte.

A textura cremosa permite que a aplicação seja fácil e agradável para o rosto e apesar da cobertura ser poderosa o efeito final é de uma pele com viço natural.</g:description>
                <g:link>https://www.maktubbeauty.com.br/page/product/pausa-para-feminices-base-cremosa-02</g:link>
                <g:image_link>http://maktubbeauty.com.br/img/products/maquiagem/hidratante/7896032635357_1.jpeg</g:image_link>
                <g:condition>new</g:condition>
                <g:price>R$34.99</g:price><g:availability>in stock</g:availability><g:shipping>
                            <g:country>BR</g:country>
                            <g:service>Standard</g:service>
                        </g:shipping>
                        <g:gtin>7896032635357</g:gtin>
                        <g:brand></g:brand>
                        <g:google_product_category>Maquiagem > Hidratante</g:google_product_category>
                    </item><item>
                <g:id>7896032635357</g:id>
                <g:title>Pausa para Feminices - Base Cremosa 02</g:title>
                <g:description>A base do pausa para feminices possui alta cobertura com acabamento matte.

A textura cremosa permite que a aplicação seja fácil e agradável para o rosto e apesar da cobertura ser poderosa o efeito final é de uma pele com viço natural.</g:description>
                <g:link>https://www.maktubbeauty.com.br/page/product/pausa-para-feminices-base-cremosa-02</g:link>
                <g:image_link>http://maktubbeauty.com.br/img/products/maquiagem/hidratante/7896032635357_1.jpeg</g:image_link>
                <g:condition>new</g:condition>
                <g:price>R$34.99</g:price><g:availability>in stock</g:availability><g:shipping>
                            <g:country>BR</g:country>
                            <g:service>Standard</g:service>
                        </g:shipping>
                        <g:gtin>7896032635357</g:gtin>
                        <g:brand></g:brand>
                        <g:google_product_category>Maquiagem > Hidratante</g:google_product_category>
                    </item><item>
                <g:id>HB6111-2</g:id>
                <g:title>Ruby Rose Blush Mini Kit Rosy Cheeks cor 2</g:title>
                <g:description>Com a Paleta de Blush Rose Cheeks, você tem 3 opções de cores mais voltadas para o tom que vão deixar sua make ainda mais elaborada e perfeita!

A Paleta possui o Design moderno e delicado com o tamanho ideal para caber em sua Necessaire.

 

Dimensões: 7,0 cm x 11,0 cm

Peso Líquido: 9g</g:description>
                <g:link>https://www.maktubbeauty.com.br/page/product/ruby-rose-blush-mini-kit-rosy-cheeks-cor-2</g:link>
                <g:image_link>http://maktubbeauty.com.br/img/products/maquiagem/hidratante/HB6111-2_1.jpeg</g:image_link>
                <g:condition>new</g:condition>
                <g:price>R$11.99</g:price><g:availability>in stock</g:availability><g:shipping>
                            <g:country>BR</g:country>
                            <g:service>Standard</g:service>
                        </g:shipping>
                        <g:gtin>6295125025630</g:gtin>
                        <g:brand></g:brand>
                        <g:google_product_category>Maquiagem > Hidratante</g:google_product_category>
                    </item><item>
                <g:id>L1029AC</g:id>
                <g:title>Luisance Skin Complete Corretivo e Base Cor C</g:title>
                <g:description>Corretivo e Base 2 em 1 Luisance Skin Complete L1029

Mais um super lançamento da Luisance. Dessa vez, a marca traz o Corretivo e Base 2 em 1 Luisance Skin Complete L1029. Um produto 2 em 1 que promete executar a função de cobertura de base e fazer o papel de camuflagem de corretivo.

A textura do Corretivo e Base 2 em 1 Luisance Skin Complete L1029 é cremosa e proporciona acabamento perfeito e uniforme à pele.

Disponível em 8 cores que atendem à vários tons de peles o Corretivo e Base 2 em 1 Luisance Skin Complete L1029 é mais uma aliado na preparação de pele. 

Experimente este novo produto: Corretivo e Base 2 em 1 Luisance Skin Complete L1029!</g:description>
                <g:link>https://www.maktubbeauty.com.br/page/product/luisance-skin-complete-corretivo-e-base-cor-c</g:link>
                <g:image_link>http://maktubbeauty.com.br/img/products/maquiagem/hidratante/L1029AC_1.jpeg</g:image_link>
                <g:condition>new</g:condition>
                <g:price>R$8.99</g:price><g:availability>in stock</g:availability><g:shipping>
                            <g:country>BR</g:country>
                            <g:service>Standard</g:service>
                        </g:shipping>
                        <g:gtin></g:gtin>
                        <g:brand></g:brand>
                        <g:google_product_category>Maquiagem > Hidratante</g:google_product_category>
                    </item><item>
                <g:id>L1022B</g:id>
                <g:title>Luisance Maquiagem Forever Nude Cor B</g:title>
                <g:description>Inovador, apaixonante: Esse é o Trio Luisance Forever Nude!

Contem 1 cor de blush, 1 cor de bronzer/contorno e 1 cor de iluminador. 

Textura aveludada, soltinha, ótima pigmentação.

Além da ótima qualidade, e da marca que vem se destacando muito no mercado de maquiagens, o tamanho dessa paleta é MA-RA-VI-LHO-SO! 

É maior que a palma da mão (É muito produto!!).  

Contém: 20,5 g. 

Tamanho: 11,5 cm diâmetro x 1,5 cm altura. </g:description>
                <g:link>https://www.maktubbeauty.com.br/page/product/luisance-maquiagem-forever-nude-cor-b</g:link>
                <g:image_link>http://maktubbeauty.com.br/img/products/maquiagem/hidratante/L1022B_1.jpeg</g:image_link>
                <g:condition>new</g:condition>
                <g:price>R$19.99</g:price><g:availability>in stock</g:availability><g:shipping>
                            <g:country>BR</g:country>
                            <g:service>Standard</g:service>
                        </g:shipping>
                        <g:gtin>7899820801927</g:gtin>
                        <g:brand></g:brand>
                        <g:google_product_category>Maquiagem > Hidratante</g:google_product_category>
                    </item><item>
                <g:id>L8006C</g:id>
                <g:title>Luisance Iluminador Flash C</g:title>
                <g:description>Iluminador Flash Luisance L8006 

 

Em formato baked, com textura leve mas super pigmentado o Iluminador Flash Luisance entrará agora para a sua coleção de iluminadores faciais preferidos.

Lindo, super versátil ele é um iluminador em pó que proporciona finalização perfeita da maquiagem.

O Iluminador Flash Luisance está disponível em 4 cores. Escolha a cor do que você mais gosta.

 

Como usar o Iluminador Flash Luisance L8006?

Com o auxilio de pincel bem macio aplique o iluminador Luisance nas maçãs do rosto, nariz, queixo e nos demais pontos que deseja destacar.</g:description>
                <g:link>https://www.maktubbeauty.com.br/page/product/luisance-iluminador-flash-c</g:link>
                <g:image_link>http://maktubbeauty.com.br/img/products/1/16/L8006C_1.jpeg</g:image_link>
                <g:condition>new</g:condition>
                <g:price>R$19.99</g:price><g:availability>preorder</g:availability><g:shipping>
                            <g:country>BR</g:country>
                            <g:service>Standard</g:service>
                        </g:shipping>
                        <g:gtin>7899820803525</g:gtin>
                        <g:brand></g:brand>
                        <g:google_product_category>Maquiagem > Demaquilante</g:google_product_category>
                    </item><item>
                <g:id>7898640653907</g:id>
                <g:title>Glow baby Glow Dalla Makeup Iluminador Líquido 04</g:title>
                <g:description>O GLOW é um iluminador líquido, super concentrado e muito luminoso.

Aplicado em gotas na pele e que pode ser usado sozinho ou misturado no hidratante ou na base

 

as cores podem sofrer alterações devido a resolução do monitor ou tela do celular</g:description>
                <g:link>https://www.maktubbeauty.com.br/page/product/glow-baby-glow-dalla-makeup-iluminador-liquido-04</g:link>
                <g:image_link>http://maktubbeauty.com.br/img/products/1/16/7898640653907_1.jpeg</g:image_link>
                <g:condition>new</g:condition>
                <g:price>R$19.99</g:price><g:availability>in stock</g:availability><g:shipping>
                            <g:country>BR</g:country>
                            <g:service>Standard</g:service>
                        </g:shipping>
                        <g:gtin>7898640653907</g:gtin>
                        <g:brand></g:brand>
                        <g:google_product_category>Maquiagem > Fixador ou Primer</g:google_product_category>
                    </item><item>
                <g:id>6924269767419</g:id>
                <g:title>Professional Glitter 16 Cores S.F.R COLOR</g:title>
                <g:description>Professional Glitter S.F.R Color.

Bom para se Destacar.

Peso Líquido: 32g</g:description>
                <g:link>https://www.maktubbeauty.com.br/page/product/professional-glitter-16-cores-sfr-color</g:link>
                <g:image_link>http://maktubbeauty.com.br/img/products/1/15/6924269767419_1.jpeg</g:image_link>
                <g:condition>new</g:condition>
                <g:price>R$29.99</g:price><g:availability>in stock</g:availability><g:shipping>
                            <g:country>BR</g:country>
                            <g:service>Standard</g:service>
                        </g:shipping>
                        <g:gtin>6924269767419</g:gtin>
                        <g:brand></g:brand>
                        <g:google_product_category>Maquiagem > BB Cream</g:google_product_category>
                    </item><item>
                <g:id>XR1608P</g:id>
                <g:title>Espelho com Iluminação LED - Preto</g:title>
                <g:description>ESPELHO LED PARA MAQUIAGEM

Com luzes na forma de bolinhas este espelho com LED é o que faltava pra você se sentir ainda mais linda! Utiliza 4 pilhas AA (não inclusas).

Largura (cm) 17 cm

Altura (cm) 21,5 cm

Altura Total (cm): 26,5 cm

Profundidade 1,5 cm

16 LED's:

Matéria-prima Plástico, vidro e componentes eletrônicos.

Informações complementares Utilizar 4 pilhas AA (não inclusas).

Instruções de conservação Limpar com pano umedecido. Não use químicos e abrasivos.

Cores: Rosa, Preto ou Branco</g:description>
                <g:link>https://www.maktubbeauty.com.br/page/product/espelho-com-iluminacao-led-preto</g:link>
                <g:image_link>http://maktubbeauty.com.br/img/products/1/15/XR1608P_1.jpeg</g:image_link>
                <g:condition>new</g:condition>
                <g:price>R$99.99</g:price><g:availability>in stock</g:availability><g:shipping>
                            <g:country>BR</g:country>
                            <g:service>Standard</g:service>
                        </g:shipping>
                        <g:gtin>7898494592131</g:gtin>
                        <g:brand></g:brand>
                        <g:google_product_category>Maquiagem > BB Cream</g:google_product_category>
                    </item><item>
                <g:id>XR1608R</g:id>
                <g:title>Espelho com Iluminação LED - Rosa</g:title>
                <g:description>Espelho LED para Maquiagem

 

Com luzes na forma de bolinhas este espelho com LED é o que faltava pra você se sentir ainda mais linda! Utiliza 4 pilhas AA (não inclusas).

 

Largura (cm) 17 cm

Altura (cm) 21,5 cm

Altura Total (cm): 26,5 cm

Profundidade 1,5 cm

 

16 LED's:

 

Matéria-prima Plástico, vidro e componentes eletrônicos.

Informações complementares Utilizar 4 pilhas AA (não inclusas).

Instruções de conservação Limpar com pano umedecido. Não use químicos e abrasivos.

 

Cores: Rosa, Preto ou Branco</g:description>
                <g:link>https://www.maktubbeauty.com.br/page/product/espelho-com-iluminacao-led-rosa</g:link>
                <g:image_link>http://maktubbeauty.com.br/img/products/maquiagem/gloss/XR1608R_1.jpeg</g:image_link>
                <g:condition>new</g:condition>
                <g:price>R$99.99</g:price><g:availability>in stock</g:availability><g:shipping>
                            <g:country>BR</g:country>
                            <g:service>Standard</g:service>
                        </g:shipping>
                        <g:gtin>7898494592131</g:gtin>
                        <g:brand></g:brand>
                        <g:google_product_category>Maquiagem > Gloss</g:google_product_category>
                    </item><item>
                <g:id>XR1608B</g:id>
                <g:title>Espelho com Iluminação LED - Branco</g:title>
                <g:description>ESPELHO LED PARA MAQUIAGEM

Com luzes na forma de bolinhas este espelho com LED é o que faltava pra você se sentir ainda mais linda! Utiliza 4 pilhas AA (não inclusas).

Largura (cm) 17 cm

Altura (cm) 21,5 cm

Altura Total (cm): 26,5 cm

Profundidade 1,5 cm

16 LED's:

Matéria-prima Plástico, vidro e componentes eletrônicos.

Informações complementares Utilizar 4 pilhas AA (não inclusas).

Instruções de conservação Limpar com pano umedecido. Não use químicos e abrasivos.

Cores: Rosa, Preto ou Branco</g:description>
                <g:link>https://www.maktubbeauty.com.br/page/product/espelho-com-iluminacao-led-branco</g:link>
                <g:image_link>http://maktubbeauty.com.br/img/products/maquiagem/gloss/XR1608B_1.jpeg</g:image_link>
                <g:condition>new</g:condition>
                <g:price>R$99.99</g:price><g:availability>in stock</g:availability><g:shipping>
                            <g:country>BR</g:country>
                            <g:service>Standard</g:service>
                        </g:shipping>
                        <g:gtin>7898494592131</g:gtin>
                        <g:brand></g:brand>
                        <g:google_product_category>Maquiagem > Gloss</g:google_product_category>
                    </item><item>
                <g:id>GKST</g:id>
                <g:title>Koloss Glitter Strass</g:title>
                <g:description>promove um efeito surpreendente a maquiagem.</g:description>
                <g:link>https://www.maktubbeauty.com.br/page/product/koloss-glitter-strass</g:link>
                <g:image_link>http://maktubbeauty.com.br/img/products/maquiagem/hidratante/GKST_1.jpeg</g:image_link>
                <g:condition>new</g:condition>
                <g:price>R$19.99</g:price><g:availability>in stock</g:availability><g:shipping>
                            <g:country>BR</g:country>
                            <g:service>Standard</g:service>
                        </g:shipping>
                        <g:gtin>7898266628556</g:gtin>
                        <g:brand></g:brand>
                        <g:google_product_category>Maquiagem > Hidratante</g:google_product_category>
                    </item><item>
                <g:id>GKCI</g:id>
                <g:title>Koloss Glitter Ciano Atualizado</g:title>
                <g:description>promove um efeito surpreendente a maquiagem.</g:description>
                <g:link>https://www.maktubbeauty.com.br/page/product/koloss-glitter-ciano-atualizado</g:link>
                <g:image_link>http://maktubbeauty.com.br/img/products/maquiagem/hidratante/GKCI_1.jpeg</g:image_link>
                <g:condition>new</g:condition>
                <g:price>R$19.99</g:price><g:availability>in stock</g:availability><g:shipping>
                            <g:country>BR</g:country>
                            <g:service>Standard</g:service>
                        </g:shipping>
                        <g:gtin>7898266628617</g:gtin>
                        <g:brand></g:brand>
                        <g:google_product_category>Maquiagem > Hidratante</g:google_product_category>
                    </item><item>
                <g:id>LM30223</g:id>
                <g:title>Luisance Máscara para Sobrancelha Mega Charmosa 03</g:title>
                <g:description>Máscara para Sobrancelhas Mega Charmosa Mulheres Incríveis Luisance

 

A Sobrancelha é parte importantíssima na maquiagem. Isso a gente já tá sabendo, não é?

Para deixar as suas perfeitas agora temos a Máscara para Sobrancelhas Mega Charmosa Mulheres Incríveis Luisance.

 

Contém: 7,8 gramas cada</g:description>
                <g:link>https://www.maktubbeauty.com.br/page/product/luisance-mascara-para-sobrancelha-mega-charmosa-03</g:link>
                <g:image_link>http://maktubbeauty.com.br/img/products/maquiagem/hidratante/LM30223_1.jpeg</g:image_link>
                <g:condition>new</g:condition>
                <g:price>R$9.99</g:price><g:availability>in stock</g:availability><g:shipping>
                            <g:country>BR</g:country>
                            <g:service>Standard</g:service>
                        </g:shipping>
                        <g:gtin>7899820802795</g:gtin>
                        <g:brand></g:brand>
                        <g:google_product_category>Maquiagem > Hidratante</g:google_product_category>
                    </item><item>
                <g:id>52083094</g:id>
                <g:title>Tracta Sombra Sesto 11</g:title>
                <g:description>Tracta Sombra Unitária Sesto 11

 

Cores harmoniosas que possibilitam várias combinações que valorizam expressão do olhar.

 

Com textura fina e delicada proporciona efeito natural.

 

As sombras da Tracta apresentam uma textura fina e macia.

 

Contém ampla cartela de cores, permitindo combinações para o dia e para a noite.

 </g:description>
                <g:link>https://www.maktubbeauty.com.br/page/product/tracta-sombra-sesto-11</g:link>
                <g:image_link>http://maktubbeauty.com.br/img/products/maquiagem/batomliquidomatte/52083094_1.jpeg</g:image_link>
                <g:condition>new</g:condition>
                <g:price>R$14.99</g:price><g:availability>in stock</g:availability><g:shipping>
                            <g:country>BR</g:country>
                            <g:service>Standard</g:service>
                        </g:shipping>
                        <g:gtin>7896032630949</g:gtin>
                        <g:brand></g:brand>
                        <g:google_product_category>Maquiagem > Batom Liquido Matte</g:google_product_category>
                    </item><item>
                <g:id>GKPL</g:id>
                <g:title>Koloss Glitter Purpura Laser</g:title>
                <g:description>promove um efeito surpreendente a maquiagem.</g:description>
                <g:link>https://www.maktubbeauty.com.br/page/product/koloss-glitter-purpura-laser</g:link>
                <g:image_link>http://maktubbeauty.com.br/img/products/maquiagem/hidratante/GKPL_1.jpeg</g:image_link>
                <g:condition>new</g:condition>
                <g:price>R$19.99</g:price><g:availability>in stock</g:availability><g:shipping>
                            <g:country>BR</g:country>
                            <g:service>Standard</g:service>
                        </g:shipping>
                        <g:gtin>7898266628600</g:gtin>
                        <g:brand></g:brand>
                        <g:google_product_category>Maquiagem > Hidratante</g:google_product_category>
                    </item><item>
                <g:id>GKLP</g:id>
                <g:title>Koloss Glitter Light Pink</g:title>
                <g:description>promove um efeito surpreendente a maquiagem.</g:description>
                <g:link>https://www.maktubbeauty.com.br/page/product/koloss-glitter-light-pink</g:link>
                <g:image_link>http://maktubbeauty.com.br/img/products/maquiagem/hidratante/GKLP_1.jpeg</g:image_link>
                <g:condition>new</g:condition>
                <g:price>R$19.99</g:price><g:availability>in stock</g:availability><g:shipping>
                            <g:country>BR</g:country>
                            <g:service>Standard</g:service>
                        </g:shipping>
                        <g:gtin>7898266628570</g:gtin>
                        <g:brand></g:brand>
                        <g:google_product_category>Maquiagem > Hidratante</g:google_product_category>
                    </item><item>
                <g:id>GKFU</g:id>
                <g:title>Koloss Glitter Fucsia</g:title>
                <g:description>promove um efeito surpreendente a maquiagem.</g:description>
                <g:link>https://www.maktubbeauty.com.br/page/product/koloss-glitter-fucsia</g:link>
                <g:image_link>http://maktubbeauty.com.br/img/products/maquiagem/hidratante/GKFU_1.jpeg</g:image_link>
                <g:condition>new</g:condition>
                <g:price>R$19.99</g:price><g:availability>in stock</g:availability><g:shipping>
                            <g:country>BR</g:country>
                            <g:service>Standard</g:service>
                        </g:shipping>
                        <g:gtin>7898266628594</g:gtin>
                        <g:brand></g:brand>
                        <g:google_product_category>Maquiagem > Hidratante</g:google_product_category>
                    </item><item>
                <g:id>GKES</g:id>
                <g:title>Koloss Glitter Espaço Sideral</g:title>
                <g:description>promove um efeito surpreendente a maquiagem.</g:description>
                <g:link>https://www.maktubbeauty.com.br/page/product/koloss-glitter-espaco-sideral</g:link>
                <g:image_link>http://maktubbeauty.com.br/img/products/maquiagem/hidratante/GKES_1.jpeg</g:image_link>
                <g:condition>new</g:condition>
                <g:price>R$19.99</g:price><g:availability>in stock</g:availability><g:shipping>
                            <g:country>BR</g:country>
                            <g:service>Standard</g:service>
                        </g:shipping>
                        <g:gtin>7898266628655</g:gtin>
                        <g:brand></g:brand>
                        <g:google_product_category>Maquiagem > Hidratante</g:google_product_category>
                    </item><item>
                <g:id>HB7516-1</g:id>
                <g:title>Ruby Rose Paleta de Iluminadores Bright Frow</g:title>
                <g:description>A Paleta de Iluminador Bright from the Heart, da Ruby Rose traz, luz e brilho.

Conta com uma alta pigmentação que proporciona uma pele linda e mais jovem.

Contém com 4 cores de iluminadores em pó, que proporcionam uma maquiagem mais sofisticada.

O mix de cores acetinadas pode ser usado tanto de dia quanto à noite deixando-a a pele radiante.

 

Especificações:

Medidas do estojo do produto fechado (unitário): 14,5cm de comprimento; 7,9cm de largura; 1,2cm de altura;

Peso Líquido (unitário): 24,0g.

Contém 1 unidade</g:description>
                <g:link>https://www.maktubbeauty.com.br/page/product/ruby-rose-paleta-de-iluminadores-bright-frow</g:link>
                <g:image_link>http://maktubbeauty.com.br/img/products/maquiagem/hidratante/HB7516-1_1.jpeg</g:image_link>
                <g:condition>new</g:condition>
                <g:price>R$27.99</g:price><g:availability>in stock</g:availability><g:shipping>
                            <g:country>BR</g:country>
                            <g:service>Standard</g:service>
                        </g:shipping>
                        <g:gtin>6295125025548</g:gtin>
                        <g:brand></g:brand>
                        <g:google_product_category>Maquiagem > Hidratante</g:google_product_category>
                    </item><item>
                <g:id>HB304</g:id>
                <g:title>Ruby Rose Água Micelar Ultra 200ML</g:title>
                <g:description>Use a Água Micelar Ultra 200ml da Ruby Rose e tenha uma pele limpa, tonificada e hidratada.

 

Um produto desenvolvido especialmente para àqueles (a) s que gostam de manter uma pele limpa e saudável, mesmo após o uso de maquiagem.

Com uma fórmula livre de oleosidade e alto poder de limpeza e higienização, a Água Micelar Ultra elimina as impurezas e resquícios de maquiagem, deixando a pele perfeitamente hidratada, suavizada sem agredi-la.

 

Referência: HB304

Peso: 200 ml

Hidrata a pele

Pele suave

Renova a pele

Limpa os poros da pele

Sem Cheiro

Dimensão: 18cm x 6cm</g:description>
                <g:link>https://www.maktubbeauty.com.br/page/product/ruby-rose-agua-micelar-ultra-200ml</g:link>
                <g:image_link>http://maktubbeauty.com.br/img/products/maquiagem/hidratante/HB304_1.jpeg</g:image_link>
                <g:condition>new</g:condition>
                <g:price>R$24.99</g:price><g:availability>in stock</g:availability><g:shipping>
                            <g:country>BR</g:country>
                            <g:service>Standard</g:service>
                        </g:shipping>
                        <g:gtin>7898622118257</g:gtin>
                        <g:brand></g:brand>
                        <g:google_product_category>Maquiagem > Hidratante</g:google_product_category>
                    </item><item>
                <g:id>HB7215COR4</g:id>
                <g:title>Ruby Rose Glowing Mini Kit Cor 04</g:title>
                <g:description>A Paleta de Iluminador Glowing 4, foi produzido especialmente para iluminar quaisquer características faciais que você deseja destacar.

O produto conta com 3 iluminadores nudes light essenciais para o seu dia e também para arrasar a noite.

Perfeito, pois possui tamanho compacto para levar onde quiser.

 

• Referência: HB72154

• Dimensões: A 7 x L11

• Total de Cores: 3 tons

• Mini Paleta - Iluminador

• Peso Líquido: 9</g:description>
                <g:link>https://www.maktubbeauty.com.br/page/product/ruby-rose-glowing-mini-kit-cor-04</g:link>
                <g:image_link>http://maktubbeauty.com.br/img/products/maquiagem/hidratante/HB7215COR4_1.jpeg</g:image_link>
                <g:condition>new</g:condition>
                <g:price>R$16.99</g:price><g:availability>in stock</g:availability><g:shipping>
                            <g:country>BR</g:country>
                            <g:service>Standard</g:service>
                        </g:shipping>
                        <g:gtin>6295125025692</g:gtin>
                        <g:brand></g:brand>
                        <g:google_product_category>Maquiagem > Hidratante</g:google_product_category>
                    </item><item>
                <g:id>TESTE1</g:id>
                <g:title>Produto Teste UPDATE</g:title>
                <g:description>DESCRIÇÃO PRODUTO 1 UPDATE</g:description>
                <g:link>https://www.maktubbeauty.com.br/page/product/produto-teste-update</g:link>
                <g:image_link>http://maktubbeauty.com.br/img/products/pincel/delineador/TESTE1_1.jpg</g:image_link>
                <g:condition>new</g:condition>
                <g:price>R$59.99</g:price><g:availability>in stock</g:availability><g:shipping>
                            <g:country>BR</g:country>
                            <g:service>Standard</g:service>
                        </g:shipping>
                        <g:gtin></g:gtin>
                        <g:brand></g:brand>
                        <g:google_product_category>Pincel > Delineador</g:google_product_category>
                    </item><item>
                <g:id>TENISNIKE</g:id>
                <g:title>Tênis Nike Shox Nz Se</g:title>
                <g:description>O Tênis Nike Shox Nz Se foi desenvolvido para os homens que não dispensam conforto e nem estilo. Uma ótima pedida para compor a produção e aproveitar a casualidade do dia a dia.</g:description>
                <g:link>https://www.maktubbeauty.com.br/page/product/tenis-nike-shox-nz-se</g:link>
                <g:image_link>http://maktubbeauty.com.br/img/products/acessorios/curvex/TENISNIKE_1.jpg</g:image_link>
                <g:condition>new</g:condition>
                <g:price>R$399.99</g:price><g:availability>in stock</g:availability><g:shipping>
                            <g:country>BR</g:country>
                            <g:service>Standard</g:service>
                        </g:shipping>
                        <g:gtin></g:gtin>
                        <g:brand></g:brand>
                        <g:google_product_category>Acessorios > Curvex</g:google_product_category>
                    </item><item>
                <g:id>TENISADIDAS</g:id>
                <g:title>Tênis Adidas Advantage Vs</g:title>
                <g:description>Para os que apreciam o visual clássico em suas produções urbanas, a marca traz o Tênis Adidas Advantage Vs. Fácil de combinar, o calçado eleva os traços street do seu estilo jovem</g:description>
                <g:link>https://www.maktubbeauty.com.br/page/product/tenis-adidas-advantage-vs</g:link>
                <g:image_link>http://maktubbeauty.com.br/img/products/acessorios/curvex/TENISADIDAS_1.jpg</g:image_link>
                <g:condition>new</g:condition>
                <g:price>R$149.99</g:price><g:availability>in stock</g:availability><g:shipping>
                            <g:country>BR</g:country>
                            <g:service>Standard</g:service>
                        </g:shipping>
                        <g:gtin></g:gtin>
                        <g:brand></g:brand>
                        <g:google_product_category>Acessorios > Curvex</g:google_product_category>
                    </item><item>
                <g:id>L8006D</g:id>
                <g:title>Luisance Iluminador Flash D</g:title>
                <g:description>Iluminador Flash Luisance L8006 D

 

Em formato baked, com textura leve mas super pigmentado o Iluminador Flash Luisance entrará agora para a sua coleção de iluminadores faciais preferidos.

Lindo, super versátil ele é um iluminador em pó que proporciona finalização perfeita da maquiagem.

O Iluminador Flash Luisance está disponível em 4 cores. Escolha a cor do que você mais gosta.

 

Como usar o Iluminador Flash Luisance L8006?

Com o auxilio de pincel bem macio aplique o iluminador Luisance nas maçãs do rosto, nariz, queixo e nos demais pontos que deseja destacar.</g:description>
                <g:link>https://www.maktubbeauty.com.br/page/product/luisance-iluminador-flash-d</g:link>
                <g:image_link>http://maktubbeauty.com.br/img/products/1/16/L8006D_1.jpeg</g:image_link>
                <g:condition>new</g:condition>
                <g:price>R$19.99</g:price><g:availability>in stock</g:availability><g:shipping>
                            <g:country>BR</g:country>
                            <g:service>Standard</g:service>
                        </g:shipping>
                        <g:gtin>7899820803525</g:gtin>
                        <g:brand></g:brand>
                        <g:google_product_category>1 > 16</g:google_product_category>
                    </item></channel>
                </rss>