<?xml version="1.0" encoding="utf-8"?><rss xmlns:g="http://base.google.com/ns/1.0" version="2.0"><channel><title>Maktub Beauty</title><link>https://www.maktubbeauty.com.br</link><description>Teste</description><item>
                <g:id>L8006C</g:id>
                <g:title>Luisance Iluminador Flash C</g:title>
                <g:description>Iluminador Flash Luisance L8006 

 

Em formato baked, com textura leve mas super pigmentado o Iluminador Flash Luisance entrará agora para a sua coleção de iluminadores faciais preferidos.

Lindo, super versátil ele é um iluminador em pó que proporciona finalização perfeita da maquiagem.

O Iluminador Flash Luisance está disponível em 4 cores. Escolha a cor do que você mais gosta.

 

Como usar o Iluminador Flash Luisance L8006?

Com o auxilio de pincel bem macio aplique o iluminador Luisance nas maçãs do rosto, nariz, queixo e nos demais pontos que deseja destacar.</g:description>
                <g:link>https://www.maktubbeauty.com.br/page/product/luisance-iluminador-flash-c</g:link>
                <g:image_link>http://maktubbeauty.com.br/img/products/1/16/L8006C_1.jpeg</g:image_link>
                <g:condition>new</g:condition>
                <g:price>R$19.99</g:price><g:availability>preorder</g:availability><g:shipping>
                    <g:country>BR</g:country>
                    <g:service>Padrão</g:service>
                </g:shipping>
                <g:gtin>7899820803525</g:gtin>
                <g:brand>Luisance</g:brand>
                <g:google_product_category>Maquiagem > Demaquilante</g:google_product_category>
            </item><item>
                <g:id>7898640653907</g:id>
                <g:title>Glow baby Glow Dalla Makeup Iluminador Líquido 04</g:title>
                <g:description>O GLOW é um iluminador líquido, super concentrado e muito luminoso.

Aplicado em gotas na pele e que pode ser usado sozinho ou misturado no hidratante ou na base

 

as cores podem sofrer alterações devido a resolução do monitor ou tela do celular</g:description>
                <g:link>https://www.maktubbeauty.com.br/page/product/glow-baby-glow-dalla-makeup-iluminador-liquido-04</g:link>
                <g:image_link>http://maktubbeauty.com.br/img/products/1/16/7898640653907_1.jpeg</g:image_link>
                <g:condition>new</g:condition>
                <g:price>R$19.99</g:price><g:availability>preorder</g:availability><g:shipping>
                    <g:country>BR</g:country>
                    <g:service>Padrão</g:service>
                </g:shipping>
                <g:gtin>7898640653907</g:gtin>
                <g:brand>Dalla</g:brand>
                <g:google_product_category>Maquiagem > BB Cream</g:google_product_category>
            </item><item>
                <g:id>6924269767419</g:id>
                <g:title>Professional Glitter 16 Cores S.F.R COLOR</g:title>
                <g:description>Professional Glitter S.F.R Color.

Bom para se Destacar.

Peso Líquido: 32g</g:description>
                <g:link>https://www.maktubbeauty.com.br/page/product/professional-glitter-16-cores-sfr-color</g:link>
                <g:image_link>http://maktubbeauty.com.br/img/products/1/15/6924269767419_1.jpeg</g:image_link>
                <g:condition>new</g:condition>
                <g:price>R$29.99</g:price><g:availability>preorder</g:availability><g:shipping>
                    <g:country>BR</g:country>
                    <g:service>Padrão</g:service>
                </g:shipping>
                <g:gtin>6924269767419</g:gtin>
                <g:brand>S.F.R.</g:brand>
                <g:google_product_category>Maquiagem > BB Cream</g:google_product_category>
            </item><item>
                <g:id>XR1608P</g:id>
                <g:title>Espelho com Iluminação LED - Preto</g:title>
                <g:description>ESPELHO LED PARA MAQUIAGEM

Com luzes na forma de bolinhas este espelho com LED é o que faltava pra você se sentir ainda mais linda! Utiliza 4 pilhas AA (não inclusas).

Largura (cm) 17 cm

Altura (cm) 21,5 cm

Altura Total (cm): 26,5 cm

Profundidade 1,5 cm

16 LED's:

Matéria-prima Plástico, vidro e componentes eletrônicos.

Informações complementares Utilizar 4 pilhas AA (não inclusas).

Instruções de conservação Limpar com pano umedecido. Não use químicos e abrasivos.

Cores: Rosa, Preto ou Branco</g:description>
                <g:link>https://www.maktubbeauty.com.br/page/product/espelho-com-iluminacao-led-preto</g:link>
                <g:image_link>http://maktubbeauty.com.br/img/products/1/15/XR1608P_1.jpeg</g:image_link>
                <g:condition>new</g:condition>
                <g:price>R$99.99</g:price><g:availability>in stock</g:availability><g:shipping>
                    <g:country>BR</g:country>
                    <g:service>Padrão</g:service>
                </g:shipping>
                <g:gtin>7898494592131</g:gtin>
                <g:brand>Maktub Beauty</g:brand>
                <g:google_product_category>Maquiagem > BB Cream</g:google_product_category>
            </item><item>
                <g:id>XR1608R</g:id>
                <g:title>Espelho com Iluminação LED - Rosa</g:title>
                <g:description>Espelho LED para Maquiagem

 

Com luzes na forma de bolinhas este espelho com LED é o que faltava pra você se sentir ainda mais linda! Utiliza 4 pilhas AA (não inclusas).

 

Largura (cm) 17 cm

Altura (cm) 21,5 cm

Altura Total (cm): 26,5 cm

Profundidade 1,5 cm

 

16 LED's:

 

Matéria-prima Plástico, vidro e componentes eletrônicos.

Informações complementares Utilizar 4 pilhas AA (não inclusas).

Instruções de conservação Limpar com pano umedecido. Não use químicos e abrasivos.

 

Cores: Rosa, Preto ou Branco</g:description>
                <g:link>https://www.maktubbeauty.com.br/page/product/espelho-com-iluminacao-led-rosa</g:link>
                <g:image_link>http://maktubbeauty.com.br/img/products/maquiagem/gloss/XR1608R_1.jpeg</g:image_link>
                <g:condition>new</g:condition>
                <g:price>R$99.99</g:price><g:availability>in stock</g:availability><g:shipping>
                    <g:country>BR</g:country>
                    <g:service>Padrão</g:service>
                </g:shipping>
                <g:gtin>7898494592131</g:gtin>
                <g:brand>Maktub Beauty</g:brand>
                <g:google_product_category>Maquiagem > Gloss</g:google_product_category>
            </item><item>
                <g:id>XR1608B</g:id>
                <g:title>Espelho com Iluminação LED - Branco</g:title>
                <g:description>ESPELHO LED PARA MAQUIAGEM

Com luzes na forma de bolinhas este espelho com LED é o que faltava pra você se sentir ainda mais linda! Utiliza 4 pilhas AA (não inclusas).

Largura (cm) 17 cm

Altura (cm) 21,5 cm

Altura Total (cm): 26,5 cm

Profundidade 1,5 cm

16 LED's:

Matéria-prima Plástico, vidro e componentes eletrônicos.

Informações complementares Utilizar 4 pilhas AA (não inclusas).

Instruções de conservação Limpar com pano umedecido. Não use químicos e abrasivos.

Cores: Rosa, Preto ou Branco</g:description>
                <g:link>https://www.maktubbeauty.com.br/page/product/espelho-com-iluminacao-led-branco</g:link>
                <g:image_link>http://maktubbeauty.com.br/img/products/maquiagem/gloss/XR1608B_1.jpeg</g:image_link>
                <g:condition>new</g:condition>
                <g:price>R$99.99</g:price><g:availability>in stock</g:availability><g:shipping>
                    <g:country>BR</g:country>
                    <g:service>Padrão</g:service>
                </g:shipping>
                <g:gtin>7898494592131</g:gtin>
                <g:brand>Maktub Beauty</g:brand>
                <g:google_product_category>Maquiagem > Gloss</g:google_product_category>
            </item><item>
                <g:id>TESTE1</g:id>
                <g:title>Produto Teste UPDATE</g:title>
                <g:description>DESCRIÇÃO PRODUTO 1 UPDATE</g:description>
                <g:link>https://www.maktubbeauty.com.br/page/product/produto-teste-update</g:link>
                <g:image_link>http://maktubbeauty.com.br/img/products/pincel/delineador/TESTE1_1.jpg</g:image_link>
                <g:condition>new</g:condition>
                <g:price>R$59.99</g:price><g:availability>in stock</g:availability><g:shipping>
                    <g:country>BR</g:country>
                    <g:service>Padrão</g:service>
                </g:shipping>
                <g:gtin></g:gtin>
                <g:brand>MARCA TESTE UPDATE</g:brand>
                <g:google_product_category>Pincel > Delineador</g:google_product_category>
            </item><item>
                <g:id>L8006D</g:id>
                <g:title>Luisance Iluminador Flash D</g:title>
                <g:description>Iluminador Flash Luisance L8006 D

 

Em formato baked, com textura leve mas super pigmentado o Iluminador Flash Luisance entrará agora para a sua coleção de iluminadores faciais preferidos.

Lindo, super versátil ele é um iluminador em pó que proporciona finalização perfeita da maquiagem.

O Iluminador Flash Luisance está disponível em 4 cores. Escolha a cor do que você mais gosta.

 

Como usar o Iluminador Flash Luisance L8006?

Com o auxilio de pincel bem macio aplique o iluminador Luisance nas maçãs do rosto, nariz, queixo e nos demais pontos que deseja destacar.</g:description>
                <g:link>https://www.maktubbeauty.com.br/page/product/luisance-iluminador-flash-d</g:link>
                <g:image_link>http://maktubbeauty.com.br/img/products/1/16/L8006D_1.jpeg</g:image_link>
                <g:condition>new</g:condition>
                <g:price>R$19.99</g:price><g:availability>in stock</g:availability><g:shipping>
                    <g:country>BR</g:country>
                    <g:service>Padrão</g:service>
                </g:shipping>
                <g:gtin>7899820803525</g:gtin>
                <g:brand>marca</g:brand>
                <g:google_product_category>1 > 16</g:google_product_category>
            </item></channel>
                </rss>